train_loss1        ,val_loss1          ,val_acc1            ,train_loss2        ,val_loss2          ,val_acc2            ,train_loss3         ,val_loss3          ,val_acc3            ,train_loss4         ,val_loss4          ,val_acc4            ,train_loss5         ,val_loss5           ,val_acc5
1.7659369707107544 ,1.7770877480506897 ,0.18181818181818182 ,1.287626028060913  ,1.1120074391365051 ,0.5454545454545454  ,0.774914026260376   ,1.0370872020721436 ,0.6363636363636364  ,0.8928931355476379  ,0.8896678984165192 ,0.8095238095238095  ,0.3210900127887726  ,0.48805321753025055 ,0.7619047619047619
1.7869833707809448 ,1.8034977316856384 ,0.18181818181818182 ,1.2215825319290161 ,1.099828839302063  ,0.5909090909090909  ,0.632969319820404   ,1.0206426978111267 ,0.6363636363636364  ,0.51460862159729    ,0.8022343516349792 ,0.6190476190476191  ,0.663977324962616   ,0.8428127318620682  ,0.7619047619047619
1.7996574640274048 ,1.8036728501319885 ,0.18181818181818182 ,1.3118027448654175 ,1.0866917967796326 ,0.5909090909090909  ,1.1122758388519287  ,1.060429036617279  ,0.5909090909090909  ,1.0690823793411255  ,0.9272863864898682 ,0.7142857142857143  ,0.5245327949523926  ,0.6397952437400818  ,0.7142857142857143
1.7836685180664062 ,1.8112244606018066 ,0.18181818181818182 ,1.4127968549728394 ,0.9969716966152191 ,0.5                 ,1.1434005498886108  ,0.9925724864006042 ,0.6363636363636364  ,0.8138347268104553  ,0.696140855550766  ,0.8095238095238095  ,0.7466936111450195  ,0.5255885571241379  ,0.7142857142857143
1.8113800287246704 ,1.8040066957473755 ,0.18181818181818182 ,1.3758058547973633 ,1.0506399869918823 ,0.5909090909090909  ,0.8468026518821716  ,1.0192545056343079 ,0.5454545454545454  ,0.6823434829711914  ,0.712122231721878  ,0.8095238095238095  ,0.469878613948822   ,0.7033223211765289  ,0.7142857142857143
1.8041938543319702 ,1.8008617162704468 ,0.18181818181818182 ,1.3476670980453491 ,1.156956136226654  ,0.5909090909090909  ,1.134886384010315   ,0.9888099133968353 ,0.5909090909090909  ,0.8495754599571228  ,0.9049403965473175 ,0.7619047619047619  ,0.6012793183326721  ,0.805435910820961   ,0.7619047619047619
1.8098574876785278 ,1.7889357805252075 ,0.18181818181818182 ,1.3828363418579102 ,1.1245467066764832 ,0.5                 ,0.8026785254478455  ,0.9982231855392456 ,0.5909090909090909  ,0.740325927734375   ,0.8239056169986725 ,0.7619047619047619  ,0.42741119861602783 ,0.7011884152889252  ,0.7619047619047619
1.8079384565353394 ,1.7758598327636719 ,0.18181818181818182 ,1.1080760955810547 ,1.0223570764064789 ,0.45454545454545453 ,0.757422924041748   ,1.040648877620697  ,0.5909090909090909  ,0.7939286231994629  ,0.871046781539917  ,0.7619047619047619  ,0.688513994216919   ,0.5637650787830353  ,0.7619047619047619
1.7811484336853027 ,1.8002543449401855 ,0.18181818181818182 ,1.2454067468643188 ,1.2722552418708801 ,0.4090909090909091  ,0.8691962361335754  ,0.8827212750911713 ,0.5909090909090909  ,0.9680193662643433  ,0.6752058863639832 ,0.7619047619047619  ,0.48479968309402466 ,0.7613057196140289  ,0.7619047619047619
1.7718369960784912 ,1.8146422505378723 ,0.18181818181818182 ,1.5873585939407349 ,1.2287576794624329 ,0.45454545454545453 ,1.2397243976593018  ,1.0551005601882935 ,0.5909090909090909  ,0.9346473813056946  ,0.6921819746494293 ,0.8095238095238095  ,0.6080431342124939  ,0.7958128452301025  ,0.7619047619047619
1.7809479236602783 ,1.8097431063652039 ,0.18181818181818182 ,1.2728707790374756 ,1.10391366481781   ,0.5454545454545454  ,0.983223021030426   ,0.9796609282493591 ,0.5909090909090909  ,0.6225846409797668  ,0.7736561298370361 ,0.8095238095238095  ,0.49368610978126526 ,0.45388834550976753 ,0.7619047619047619
1.7693709135055542 ,1.8022719025611877 ,0.18181818181818182 ,0.8224546909332275 ,1.1640295684337616 ,0.6818181818181818  ,0.5798254609107971  ,1.0678587555885315 ,0.5909090909090909  ,0.4232950210571289  ,0.6985962390899658 ,0.8571428571428571  ,0.6927333474159241  ,0.8054636120796204  ,0.7619047619047619
1.7925604581832886 ,1.7847094535827637 ,0.18181818181818182 ,1.1299277544021606 ,1.1053568720817566 ,0.6818181818181818  ,1.0896580219268799  ,1.0852640867233276 ,0.5909090909090909  ,0.8494767546653748  ,0.7916612327098846 ,0.8571428571428571  ,0.46632203459739685 ,0.6925216913223267  ,0.7619047619047619
1.8062292337417603 ,1.7781890034675598 ,0.18181818181818182 ,1.3109415769577026 ,1.0398408770561218 ,0.5454545454545454  ,0.8976430296897888  ,0.9627889394760132 ,0.5909090909090909  ,1.0193352699279785  ,0.6853956878185272 ,0.8095238095238095  ,0.5444415211677551  ,0.7034964561462402  ,0.7619047619047619
1.7757554054260254 ,1.8235894441604614 ,0.18181818181818182 ,1.4189645051956177 ,1.1152929663658142 ,0.5454545454545454  ,1.1574357748031616  ,1.0052968263626099 ,0.5909090909090909  ,0.630197286605835   ,0.7322730123996735 ,0.8095238095238095  ,0.6083300113677979  ,0.7046679258346558  ,0.7619047619047619
1.786664366722107  ,1.8069517612457275 ,0.18181818181818182 ,1.0275392532348633 ,1.1563665866851807 ,0.5454545454545454  ,0.7859516739845276  ,1.070561021566391  ,0.5454545454545454  ,0.6389787793159485  ,0.7530569434165955 ,0.7619047619047619  ,0.5345525145530701  ,0.6974409520626068  ,0.7619047619047619
1.7772130966186523 ,1.803267776966095  ,0.18181818181818182 ,1.212130069732666  ,0.9548105299472809 ,0.5454545454545454  ,0.7648820877075195  ,0.8830400854349136 ,0.5                 ,0.6311751008033752  ,0.7689192593097687 ,0.7619047619047619  ,0.41700583696365356 ,0.5568687468767166  ,0.7619047619047619
1.787764549255371  ,1.782740831375122  ,0.18181818181818182 ,1.27101469039917   ,1.043568342924118  ,0.5454545454545454  ,0.7072854042053223  ,1.005359262228012  ,0.5                 ,0.773160994052887   ,0.7500622570514679 ,0.7619047619047619  ,0.7582024931907654  ,0.5205490291118622  ,0.7619047619047619
1.7950234413146973 ,1.7806758284568787 ,0.18181818181818182 ,1.203174114227295  ,1.0775722861289978 ,0.5                 ,0.9100853204727173  ,1.0042154788970947 ,0.5                 ,0.8380391001701355  ,0.7658528685569763 ,0.7619047619047619  ,0.4152643084526062  ,0.5596845746040344  ,0.7619047619047619
1.7930550575256348 ,1.808794617652893  ,0.18181818181818182 ,1.0845943689346313 ,1.060780018568039  ,0.5454545454545454  ,0.8320424556732178  ,1.017311692237854  ,0.5909090909090909  ,0.8904311060905457  ,0.7312920093536377 ,0.7619047619047619  ,0.43762511014938354 ,0.543867215514183   ,0.7619047619047619
1.7648184299468994 ,1.817357063293457  ,0.18181818181818182 ,1.4758740663528442 ,1.1090823411941528 ,0.7727272727272727  ,0.8848243355751038  ,0.8630556464195251 ,0.5909090909090909  ,0.6667619943618774  ,0.7059499025344849 ,0.7619047619047619  ,0.5252429246902466  ,0.627800703048706   ,0.7619047619047619
1.7651565074920654 ,1.8088224530220032 ,0.18181818181818182 ,1.1293959617614746 ,1.1535579562187195 ,0.7272727272727273  ,0.9272739291191101  ,0.9547257423400879 ,0.5909090909090909  ,0.7484327554702759  ,0.7135387659072876 ,0.7142857142857143  ,0.7924129366874695  ,0.7285825312137604  ,0.7619047619047619
1.805745005607605  ,1.7879717946052551 ,0.18181818181818182 ,1.2475425004959106 ,1.0770013332366943 ,0.7272727272727273  ,0.8630832433700562  ,1.018585979938507  ,0.5909090909090909  ,0.44624972343444824 ,0.7335525453090668 ,0.7619047619047619  ,0.3641638159751892  ,0.576129138469696   ,0.7619047619047619
1.8193007707595825 ,1.7939965724945068 ,0.18181818181818182 ,1.1457557678222656 ,0.9552357494831085 ,0.7727272727272727  ,1.220758318901062   ,0.8040783256292343 ,0.6818181818181818  ,0.9444950222969055  ,0.8725137412548065 ,0.7619047619047619  ,0.7553287148475647  ,0.5189423784613609  ,0.7619047619047619
1.800240159034729  ,1.8182992935180664 ,0.18181818181818182 ,1.4536499977111816 ,0.9620866477489471 ,0.5                 ,0.7907668948173523  ,1.0131784081459045 ,0.7272727272727273  ,0.9676834344863892  ,0.8609606623649597 ,0.6666666666666666  ,0.5330398082733154  ,0.5413375794887543  ,0.7619047619047619
1.7794307470321655 ,1.7899296283721924 ,0.18181818181818182 ,1.2114496231079102 ,1.116696059703827  ,0.5454545454545454  ,0.9783445000648499  ,0.9021865129470825 ,0.6818181818181818  ,0.7738215327262878  ,0.9128705263137817 ,0.7142857142857143  ,0.43926700949668884 ,0.7582204639911652  ,0.7619047619047619
1.796711802482605  ,1.78116375207901   ,0.18181818181818182 ,1.2064971923828125 ,0.9949297606945038 ,0.5                 ,1.1163208484649658  ,0.8684090971946716 ,0.5454545454545454  ,0.7471882700920105  ,0.8570344746112823 ,0.6666666666666666  ,0.5671852827072144  ,0.6804384589195251  ,0.7619047619047619
1.8109557628631592 ,1.8033292293548584 ,0.18181818181818182 ,1.1718623638153076 ,1.0339481234550476 ,0.5454545454545454  ,0.7345268130302429  ,0.9693317711353302 ,0.5454545454545454  ,0.6017798185348511  ,0.7144580781459808 ,0.7619047619047619  ,0.6948071122169495  ,0.7356404364109039  ,0.7619047619047619
1.7715107202529907 ,1.7930696606636047 ,0.18181818181818182 ,0.8892480134963989 ,1.0563669800758362 ,0.6363636363636364  ,0.9083208441734314  ,1.096877634525299  ,0.45454545454545453 ,0.8530302047729492  ,0.6629878133535385 ,0.7619047619047619  ,0.4055950939655304  ,0.5248132944107056  ,0.7619047619047619
1.727434515953064  ,1.7872158288955688 ,0.18181818181818182 ,1.2864347696304321 ,1.0214626491069794 ,0.5454545454545454  ,0.9044328331947327  ,1.1031090021133423 ,0.45454545454545453 ,0.4432184100151062  ,0.7624579966068268 ,0.7619047619047619  ,0.5299378037452698  ,0.7992843389511108  ,0.7619047619047619
1.7959344387054443 ,1.800505518913269  ,0.18181818181818182 ,1.3200063705444336 ,1.1699419915676117 ,0.5                 ,0.5962009429931641  ,1.1512736082077026 ,0.45454545454545453 ,0.741233766078949   ,0.9438194334506989 ,0.7619047619047619  ,0.5333805084228516  ,0.7092514336109161  ,0.7619047619047619
1.773376703262329  ,1.8217458128929138 ,0.18181818181818182 ,1.1192331314086914 ,0.9526340365409851 ,0.5909090909090909  ,1.1152435541152954  ,1.0595548152923584 ,0.5                 ,0.5159701108932495  ,0.6706905663013458 ,0.7619047619047619  ,0.5604498386383057  ,0.588867574930191   ,0.7142857142857143
1.8057165145874023 ,1.7922844886779785 ,0.18181818181818182 ,1.2498856782913208 ,0.8768704831600189 ,0.5909090909090909  ,0.7518548369407654  ,0.9426136016845703 ,0.5                 ,0.9418954253196716  ,0.7383632361888885 ,0.7142857142857143  ,0.5951223969459534  ,0.8021202683448792  ,0.7142857142857143
1.808712363243103  ,1.8105811476707458 ,0.18181818181818182 ,0.9993101358413696 ,1.0634783506393433 ,0.5909090909090909  ,1.1159955263137817  ,1.0464801490306854 ,0.5                 ,0.7925540208816528  ,0.8261660635471344 ,0.6666666666666666  ,0.6742240786552429  ,0.6624303758144379  ,0.7619047619047619
1.761969804763794  ,1.785488784313202  ,0.18181818181818182 ,1.173222541809082  ,0.9968020617961884 ,0.5909090909090909  ,1.061575174331665   ,0.9721950590610504 ,0.5                 ,0.5813136100769043  ,0.7974182963371277 ,0.6666666666666666  ,0.13204559683799744 ,0.6120988875627518  ,0.7619047619047619
1.7520562410354614 ,1.7870683670043945 ,0.18181818181818182 ,1.3075217008590698 ,1.0891088247299194 ,0.5909090909090909  ,0.8779849410057068  ,0.9180291593074799 ,0.5454545454545454  ,1.3373079299926758  ,0.7111246883869171 ,0.6666666666666666  ,1.0275969505310059  ,0.7736137211322784  ,0.7619047619047619
1.7926661968231201 ,1.7845078706741333 ,0.18181818181818182 ,1.2824455499649048 ,0.9851979613304138 ,0.5909090909090909  ,0.8615998029708862  ,0.9796183109283447 ,0.45454545454545453 ,0.9301443099975586  ,0.7453294694423676 ,0.6666666666666666  ,0.4681912362575531  ,0.5428684502840042  ,0.7619047619047619
1.7601573467254639 ,1.780119776725769  ,0.18181818181818182 ,1.137381672859192  ,1.149943083524704  ,0.5909090909090909  ,0.7239912748336792  ,0.96921506524086   ,0.5454545454545454  ,0.49376893043518066 ,0.7694492340087891 ,0.7142857142857143  ,0.34371912479400635 ,0.6326791942119598  ,0.7619047619047619
1.808273434638977  ,1.8074665069580078 ,0.18181818181818182 ,0.9344494342803955 ,1.0433574318885803 ,0.5909090909090909  ,0.6174055933952332  ,1.041334480047226  ,0.5454545454545454  ,0.5000064373016357  ,0.7189201712608337 ,0.7619047619047619  ,0.4956098198890686  ,0.6098074913024902  ,0.7619047619047619
1.8047287464141846 ,1.796788513660431  ,0.18181818181818182 ,1.2071226835250854 ,1.0544520616531372 ,0.5909090909090909  ,1.0913159847259521  ,1.0045444071292877 ,0.6363636363636364  ,0.8376889228820801  ,0.787340521812439  ,0.7619047619047619  ,0.6894588470458984  ,0.7303453087806702  ,0.7619047619047619
1.7559170722961426 ,1.8057196140289307 ,0.18181818181818182 ,1.2610538005828857 ,1.1545213460922241 ,0.5909090909090909  ,0.9797360301017761  ,1.0348551273345947 ,0.6363636363636364  ,0.849528968334198   ,0.7387107610702515 ,0.7619047619047619  ,0.5351366400718689  ,0.5792548656463623  ,0.7619047619047619
1.814870834350586  ,1.7955899238586426 ,0.18181818181818182 ,1.2490168809890747 ,1.0817396640777588 ,0.5909090909090909  ,1.329811930656433   ,1.2407018840312958 ,0.6363636363636364  ,0.8980311155319214  ,0.8154444992542267 ,0.6666666666666666  ,0.7091274261474609  ,0.6181717216968536  ,0.7619047619047619
1.7596039772033691 ,1.7931015491485596 ,0.18181818181818182 ,1.2776116132736206 ,1.1501066386699677 ,0.5909090909090909  ,1.1265746355056763  ,1.1056100726127625 ,0.5909090909090909  ,0.687762975692749   ,0.7819802761077881 ,0.6666666666666666  ,0.5126799941062927  ,1.0154971778392792  ,0.6666666666666666
1.762528657913208  ,1.7869646549224854 ,0.18181818181818182 ,1.111778736114502  ,0.9814987480640411 ,0.5909090909090909  ,0.6599572896957397  ,1.2219392657279968 ,0.5909090909090909  ,0.5766233801841736  ,0.9216513633728027 ,0.6190476190476191  ,0.7319897413253784  ,0.6733492761850357  ,0.6666666666666666
1.8094713687896729 ,1.8029723167419434 ,0.18181818181818182 ,1.1206531524658203 ,0.9641042649745941 ,0.5909090909090909  ,0.9497522711753845  ,0.9969670474529266 ,0.5909090909090909  ,0.9646777510643005  ,0.985080897808075  ,0.5714285714285714  ,0.5853591561317444  ,0.6880449056625366  ,0.6666666666666666
1.8124216794967651 ,1.7775545716285706 ,0.18181818181818182 ,1.283937692642212  ,0.919025719165802  ,0.5909090909090909  ,0.8182693719863892  ,0.9614870846271515 ,0.5454545454545454  ,0.7772250175476074  ,0.9824588894844055 ,0.6666666666666666  ,0.5895977020263672  ,0.7571106851100922  ,0.6666666666666666
1.7606903314590454 ,1.7648903727531433 ,0.18181818181818182 ,0.9429134726524353 ,1.0019458532333374 ,0.5909090909090909  ,1.063441276550293   ,0.9507982134819031 ,0.6363636363636364  ,0.7126380205154419  ,0.856947660446167  ,0.8095238095238095  ,0.5852354168891907  ,0.5297485888004303  ,0.7619047619047619
1.8609004020690918 ,1.7897250056266785 ,0.18181818181818182 ,1.3527880907058716 ,1.1472492218017578 ,0.5909090909090909  ,0.5642955899238586  ,0.991468071937561  ,0.5909090909090909  ,0.8417690992355347  ,0.7513289451599121 ,0.7619047619047619  ,0.4456653892993927  ,0.7403237521648407  ,0.7619047619047619
1.779534935951233  ,1.7826057076454163 ,0.18181818181818182 ,1.1411417722702026 ,1.111362248659134  ,0.5909090909090909  ,0.9322454333305359  ,1.099013239145279  ,0.6363636363636364  ,0.5344988703727722  ,0.6759319007396698 ,0.7142857142857143  ,0.24349020421504974 ,0.7143357992172241  ,0.7619047619047619
1.8087692260742188 ,1.7925329804420471 ,0.18181818181818182 ,1.1931973695755005 ,0.9948636591434479 ,0.5909090909090909  ,0.8876771926879883  ,0.9847577214241028 ,0.6363636363636364  ,0.6831997632980347  ,0.7717168629169464 ,0.7142857142857143  ,0.8884562849998474  ,0.5660816431045532  ,0.7619047619047619
1.7276837825775146 ,1.7899198532104492 ,0.18181818181818182 ,1.2663878202438354 ,1.0045282244682312 ,0.5909090909090909  ,1.066961407661438   ,0.9805705845355988 ,0.5909090909090909  ,0.8596938848495483  ,0.7543661892414093 ,0.7142857142857143  ,0.5089295506477356  ,0.6113458275794983  ,0.7619047619047619
1.810809850692749  ,1.785360872745514  ,0.18181818181818182 ,1.3210382461547852 ,0.9345029592514038 ,0.6363636363636364  ,0.9208014607429504  ,0.96397665143013   ,0.5909090909090909  ,0.9860445857048035  ,0.8595286309719086 ,0.6666666666666666  ,0.5006462335586548  ,0.5754866302013397  ,0.7619047619047619
1.7896347045898438 ,1.7899415493011475 ,0.18181818181818182 ,1.1173044443130493 ,0.9205616116523743 ,0.6363636363636364  ,0.7637693285942078  ,0.9977200925350189 ,0.5909090909090909  ,0.6359584331512451  ,0.7827161252498627 ,0.7619047619047619  ,0.4756982624530792  ,0.5250703990459442  ,0.7142857142857143
1.8201360702514648 ,1.795015811920166  ,0.18181818181818182 ,0.6054635643959045 ,1.0744583010673523 ,0.6363636363636364  ,0.5834161639213562  ,1.1566330790519714 ,0.6363636363636364  ,0.8493401408195496  ,0.8277866542339325 ,0.7142857142857143  ,0.7088080644607544  ,0.6552988588809967  ,0.7619047619047619
1.764878749847412  ,1.8029871582984924 ,0.18181818181818182 ,1.1223695278167725 ,1.0519787073135376 ,0.5                 ,0.8823090195655823  ,1.0347652435302734 ,0.6363636363636364  ,0.5964325666427612  ,0.6220136284828186 ,0.7619047619047619  ,0.6091983914375305  ,0.6405202895402908  ,0.7142857142857143
1.8318489789962769 ,1.8105692267417908 ,0.18181818181818182 ,1.11370849609375   ,1.0716331005096436 ,0.5                 ,1.0850443840026855  ,1.0029069185256958 ,0.6363636363636364  ,0.6621047258377075  ,0.8143385350704193 ,0.6666666666666666  ,0.4421369135379791  ,0.8522751033306122  ,0.7142857142857143
1.77618408203125   ,1.805267095565796  ,0.18181818181818182 ,1.1413365602493286 ,0.9999407231807709 ,0.5                 ,1.0239068269729614  ,1.1076646447181702 ,0.6363636363636364  ,0.9098151326179504  ,0.7640611827373505 ,0.6190476190476191  ,0.5346030592918396  ,0.9131909310817719  ,0.6666666666666666
1.7832019329071045 ,1.802333652973175  ,0.18181818181818182 ,1.24113929271698   ,0.9826696515083313 ,0.6363636363636364  ,0.968000590801239   ,1.0299671590328217 ,0.6363636363636364  ,0.7742507457733154  ,0.76996910572052   ,0.6666666666666666  ,0.9631446599960327  ,0.9157425165176392  ,0.7619047619047619
1.7720082998275757 ,1.7903377413749695 ,0.18181818181818182 ,1.204999327659607  ,0.8705071806907654 ,0.5909090909090909  ,0.6851443648338318  ,1.0301235914230347 ,0.6818181818181818  ,0.5488342642784119  ,0.7142898440361023 ,0.7142857142857143  ,0.6849027276039124  ,0.5109920054674149  ,0.7619047619047619
1.7877320051193237 ,1.8099132180213928 ,0.18181818181818182 ,1.0000919103622437 ,0.9694185256958008 ,0.6363636363636364  ,0.603306233882904   ,0.9831112027168274 ,0.6818181818181818  ,1.0064408779144287  ,0.8849351108074188 ,0.7619047619047619  ,0.7105902433395386  ,0.6129983365535736  ,0.7619047619047619
1.754096269607544  ,1.8101308941841125 ,0.18181818181818182 ,1.2388041019439697 ,1.0044473707675934 ,0.6818181818181818  ,0.7897363901138306  ,1.0076687932014465 ,0.6818181818181818  ,0.8157408833503723  ,0.832170307636261  ,0.7619047619047619  ,0.3248675465583801  ,0.6802757382392883  ,0.7619047619047619
1.8057279586791992 ,1.8020002245903015 ,0.18181818181818182 ,1.4405995607376099 ,0.9579775631427765 ,0.5909090909090909  ,0.9413126707077026  ,0.8984546661376953 ,0.6818181818181818  ,0.3750655949115753  ,0.8921595811843872 ,0.7142857142857143  ,0.6978063583374023  ,0.8838538229465485  ,0.7619047619047619
1.755682110786438  ,1.813883662223816  ,0.18181818181818182 ,0.9484696388244629 ,1.124812126159668  ,0.6363636363636364  ,0.919444739818573   ,0.8078493624925613 ,0.6363636363636364  ,0.5729265213012695  ,0.7430516183376312 ,0.7619047619047619  ,0.815144419670105   ,0.7826852798461914  ,0.7619047619047619
1.7758126258850098 ,1.816586971282959  ,0.18181818181818182 ,1.1205925941467285 ,1.0310320854187012 ,0.6363636363636364  ,0.9427229166030884  ,1.1981691122055054 ,0.6363636363636364  ,0.9346193075180054  ,0.7576298117637634 ,0.7619047619047619  ,0.4952429533004761  ,0.527077853679657   ,0.7619047619047619
1.8315253257751465 ,1.7843274474143982 ,0.18181818181818182 ,1.0276273488998413 ,1.0230909585952759 ,0.7272727272727273  ,1.1882939338684082  ,1.1394047141075134 ,0.6363636363636364  ,0.9396463632583618  ,0.764008492231369  ,0.7619047619047619  ,0.7402231097221375  ,0.6651397347450256  ,0.7619047619047619
1.7953029870986938 ,1.8075278401374817 ,0.18181818181818182 ,1.0146926641464233 ,0.9573993682861328 ,0.8181818181818182  ,1.37031888961792    ,0.9253509938716888 ,0.5909090909090909  ,0.6295438408851624  ,0.6325318813323975 ,0.7142857142857143  ,0.4700612425804138  ,0.8792552053928375  ,0.6190476190476191
1.7896524667739868 ,1.795929729938507  ,0.18181818181818182 ,1.080053687095642  ,0.9161455929279327 ,0.7727272727272727  ,0.8177880644798279  ,0.945250540971756  ,0.6363636363636364  ,0.7628045082092285  ,0.8133894205093384 ,0.8095238095238095  ,0.7303603291511536  ,0.9423989951610565  ,0.6190476190476191
1.7947953939437866 ,1.8011691570281982 ,0.18181818181818182 ,1.0211354494094849 ,0.9186554849147797 ,0.7727272727272727  ,0.669255793094635   ,1.0089081227779388 ,0.5909090909090909  ,0.8882665634155273  ,0.9592006802558899 ,0.7142857142857143  ,0.574210524559021   ,1.301055520772934   ,0.5238095238095238
1.7651715278625488 ,1.8067054748535156 ,0.18181818181818182 ,1.200122594833374  ,0.9602996408939362 ,0.6818181818181818  ,1.0469640493392944  ,0.9173482060432434 ,0.6363636363636364  ,0.7600817680358887  ,0.9226781129837036 ,0.8095238095238095  ,0.8651204705238342  ,1.262938529253006   ,0.6190476190476191
1.7933883666992188 ,1.7952435612678528 ,0.18181818181818182 ,0.9840335845947266 ,0.9971437156200409 ,0.6363636363636364  ,0.9109830260276794  ,0.8872539103031158 ,0.6363636363636364  ,0.7400413751602173  ,0.7366625964641571 ,0.7619047619047619  ,1.1539855003356934  ,0.7623256146907806  ,0.7619047619047619
1.7967791557312012 ,1.7943828701972961 ,0.18181818181818182 ,1.4709789752960205 ,0.9318704307079315 ,0.7727272727272727  ,1.1561793088912964  ,0.9739347696304321 ,0.5909090909090909  ,0.5405359864234924  ,0.6262491792440414 ,0.7619047619047619  ,0.39693185687065125 ,0.8460958898067474  ,0.7619047619047619
1.7490257024765015 ,1.8065606951713562 ,0.18181818181818182 ,1.0714839696884155 ,0.9575193226337433 ,0.5454545454545454  ,0.8739759922027588  ,1.1282998919487    ,0.6363636363636364  ,0.6377282738685608  ,0.631276547908783  ,0.7619047619047619  ,0.833337128162384   ,0.6831033229827881  ,0.7619047619047619
1.8085216283798218 ,1.805163860321045  ,0.18181818181818182 ,1.1115704774856567 ,0.9289134442806244 ,0.4090909090909091  ,0.4977013170719147  ,1.1294503509998322 ,0.5909090909090909  ,0.557420551776886   ,0.7183297276496887 ,0.7142857142857143  ,0.28667324781417847 ,0.6584248244762421  ,0.7142857142857143
1.7757692337036133 ,1.7867359519004822 ,0.18181818181818182 ,1.4190247058868408 ,0.9879407286643982 ,0.5                 ,1.266852855682373   ,1.2582151293754578 ,0.5909090909090909  ,0.7336748838424683  ,0.6587959825992584 ,0.7142857142857143  ,1.0518990755081177  ,0.6188984960317612  ,0.7619047619047619
1.7708808183670044 ,1.8022366166114807 ,0.18181818181818182 ,1.2275855541229248 ,1.0133483111858368 ,0.6363636363636364  ,0.90765380859375    ,1.2387706637382507 ,0.5454545454545454  ,0.5908063054084778  ,0.9509007036685944 ,0.7619047619047619  ,0.9678847193717957  ,0.6297434866428375  ,0.7619047619047619
1.7797545194625854 ,1.8031036257743835 ,0.18181818181818182 ,1.13510262966156   ,0.9333610832691193 ,0.5909090909090909  ,0.9872592687606812  ,1.182308167219162  ,0.5909090909090909  ,1.018975019454956   ,0.7499527931213379 ,0.7619047619047619  ,0.562632143497467   ,0.7167960703372955  ,0.7619047619047619
1.7936288118362427 ,1.7905737161636353 ,0.18181818181818182 ,0.9287710189819336 ,0.9621554017066956 ,0.5                 ,1.061155915260315   ,0.9950263798236847 ,0.5909090909090909  ,0.7967578768730164  ,0.876870334148407  ,0.7142857142857143  ,0.6108281016349792  ,0.6496734023094177  ,0.7619047619047619
1.7689228057861328 ,1.8075441718101501 ,0.18181818181818182 ,0.7846019864082336 ,1.1617825031280518 ,0.3181818181818182  ,0.8222423195838928  ,1.0259864926338196 ,0.5454545454545454  ,0.763799250125885   ,0.692968338727951  ,0.7142857142857143  ,0.4993138015270233  ,1.0139887034893036  ,0.6190476190476191
1.794211983680725  ,1.7938743829727173 ,0.18181818181818182 ,1.102138876914978  ,1.089181661605835  ,0.3181818181818182  ,1.0905500650405884  ,1.030451774597168  ,0.5909090909090909  ,0.9139218330383301  ,0.8048515617847443 ,0.6666666666666666  ,0.6091271042823792  ,1.0607765316963196  ,0.6190476190476191
1.7604655027389526 ,1.7934374809265137 ,0.18181818181818182 ,1.1861705780029297 ,1.0984718203544617 ,0.4090909090909091  ,1.0291707515716553  ,1.0667392909526825 ,0.5909090909090909  ,0.6058154106140137  ,0.7450613677501678 ,0.6666666666666666  ,0.47513535618782043 ,1.0338287353515625  ,0.5714285714285714
1.769986629486084  ,1.8061479330062866 ,0.18181818181818182 ,1.0514165163040161 ,0.9452860057353973 ,0.5454545454545454  ,0.7789523005485535  ,0.9911471307277679 ,0.5909090909090909  ,0.7746496796607971  ,0.7382415533065796 ,0.5714285714285714  ,0.3665332496166229  ,0.8701729774475098  ,0.5238095238095238
1.8007125854492188 ,1.7966190576553345 ,0.18181818181818182 ,1.342383623123169  ,0.9256753623485565 ,0.5909090909090909  ,0.7723074555397034  ,0.9186078011989594 ,0.5909090909090909  ,0.7107242345809937  ,0.7851251661777496 ,0.7142857142857143  ,1.079472541809082   ,0.7004747092723846  ,0.6190476190476191
1.798430323600769  ,1.810221552848816  ,0.18181818181818182 ,1.149468183517456  ,1.0392264425754547 ,0.6363636363636364  ,0.7544136047363281  ,0.8397262096405029 ,0.5909090909090909  ,0.6406216621398926  ,0.7864050567150116 ,0.7142857142857143  ,0.8998493552207947  ,0.6138571351766586  ,0.7619047619047619
1.7755886316299438 ,1.7860457301139832 ,0.18181818181818182 ,1.2170130014419556 ,0.9720977544784546 ,0.5909090909090909  ,1.4103633165359497  ,1.0747120380401611 ,0.6363636363636364  ,0.28467217087745667 ,0.7967051565647125 ,0.7619047619047619  ,0.41021662950515747 ,0.5294793099164963  ,0.7619047619047619
1.7932229042053223 ,1.795626938343048  ,0.18181818181818182 ,1.2542369365692139 ,0.9678185284137726 ,0.5909090909090909  ,0.9977313280105591  ,1.073184311389923  ,0.6818181818181818  ,0.8792511820793152  ,0.6995628476142883 ,0.7142857142857143  ,0.46686235070228577 ,0.7278057634830475  ,0.7142857142857143
1.7837612628936768 ,1.8223884105682373 ,0.18181818181818182 ,1.088033676147461  ,1.0222500264644623 ,0.5                 ,0.8567796945571899  ,1.00771963596344   ,0.5909090909090909  ,0.5267770290374756  ,0.7878016233444214 ,0.6666666666666666  ,0.7832514643669128  ,1.0661174952983856  ,0.7142857142857143
1.760329008102417  ,1.7951179146766663 ,0.18181818181818182 ,1.1343624591827393 ,1.0777048170566559 ,0.5                 ,1.0162996053695679  ,1.0242887735366821 ,0.5909090909090909  ,1.0479683876037598  ,0.6961062550544739 ,0.6666666666666666  ,0.7906495332717896  ,0.7902034521102905  ,0.7142857142857143
1.8366961479187012 ,1.7692934274673462 ,0.18181818181818182 ,1.0419878959655762 ,1.0203188955783844 ,0.45454545454545453 ,0.9345714449882507  ,0.8960881233215332 ,0.6363636363636364  ,0.575072169303894   ,0.6852943599224091 ,0.6666666666666666  ,0.9970730543136597  ,0.9085817039012909  ,0.7142857142857143
1.7600268125534058 ,1.8036041259765625 ,0.18181818181818182 ,1.0282628536224365 ,1.072722852230072  ,0.5                 ,0.5860904455184937  ,0.965878814458847  ,0.6363636363636364  ,0.5991083383560181  ,0.7056598663330078 ,0.7142857142857143  ,0.446591317653656   ,0.6212032288312912  ,0.7142857142857143
1.7456693649291992 ,1.7962833046913147 ,0.18181818181818182 ,1.2709375619888306 ,1.037512183189392  ,0.5                 ,1.4405070543289185  ,0.9053687453269958 ,0.6363636363636364  ,0.4203817546367645  ,0.6540444791316986 ,0.6666666666666666  ,1.2207058668136597  ,0.5640645623207092  ,0.7619047619047619
1.7751870155334473 ,1.789937973022461  ,0.18181818181818182 ,0.9535278677940369 ,0.9463907480239868 ,0.5909090909090909  ,1.2063801288604736  ,1.026984453201294  ,0.6363636363636364  ,0.7521198987960815  ,0.670459657907486  ,0.7619047619047619  ,0.4400652050971985  ,0.9535105228424072  ,0.6666666666666666
1.7637289762496948 ,1.79544597864151   ,0.18181818181818182 ,0.8893903493881226 ,0.8236525058746338 ,0.6363636363636364  ,0.7771791219711304  ,1.131618082523346  ,0.6363636363636364  ,0.6025356650352478  ,0.7458988726139069 ,0.7619047619047619  ,0.5260855555534363  ,1.1514531672000885  ,0.5714285714285714
1.7754151821136475 ,1.8084927201271057 ,0.18181818181818182 ,1.3371037244796753 ,0.9571032524108887 ,0.5909090909090909  ,0.6803832650184631  ,1.0324704945087433 ,0.5454545454545454  ,0.5238382816314697  ,0.7160156071186066 ,0.7619047619047619  ,0.6576392650604248  ,1.342375099658966   ,0.47619047619047616
1.8115297555923462 ,1.7947677373886108 ,0.18181818181818182 ,1.2549961805343628 ,0.9578776061534882 ,0.6363636363636364  ,0.6962279081344604  ,1.133264809846878  ,0.5                 ,0.5770118832588196  ,0.7141594588756561 ,0.7619047619047619  ,1.0010520219802856  ,0.9612207114696503  ,0.47619047619047616
1.7595157623291016 ,1.790508508682251  ,0.18181818181818182 ,1.2270524501800537 ,1.0163510143756866 ,0.5                 ,1.0316455364227295  ,1.0642396211624146 ,0.6363636363636364  ,1.0147448778152466  ,0.726289838552475  ,0.7619047619047619  ,0.7649027705192566  ,0.8829472362995148  ,0.6666666666666666
1.872437834739685  ,1.7966089248657227 ,0.18181818181818182 ,1.0541561841964722 ,1.0091173946857452 ,0.4090909090909091  ,0.9998819231987     ,0.9789807498455048 ,0.6363636363636364  ,0.6620645523071289  ,0.7170137465000153 ,0.6190476190476191  ,0.4311622083187103  ,0.5706543698906898  ,0.7142857142857143
1.7730724811553955 ,1.7859730124473572 ,0.18181818181818182 ,0.909516453742981  ,0.9731673300266266 ,0.4090909090909091  ,1.0533961057662964  ,1.0225034952163696 ,0.6363636363636364  ,0.6982777118682861  ,0.7459240555763245 ,0.6666666666666666  ,0.737156867980957   ,1.035875916481018   ,0.7142857142857143
1.8283956050872803 ,1.7931246161460876 ,0.18181818181818182 ,1.4213018417358398 ,1.0140514969825745 ,0.6363636363636364  ,0.470415860414505   ,0.9503408074378967 ,0.6363636363636364  ,0.7005763053894043  ,0.7874887585639954 ,0.6190476190476191  ,0.6987188458442688  ,0.7202177345752716  ,0.7619047619047619
1.7490901947021484 ,1.8083005547523499 ,0.18181818181818182 ,1.109824776649475  ,1.0468383133411407 ,0.7727272727272727  ,0.8917647004127502  ,0.9202354252338409 ,0.6363636363636364  ,0.656968355178833   ,0.7320555448532104 ,0.6190476190476191  ,0.5255259275436401  ,0.8323721587657928  ,0.7619047619047619
1.7719018459320068 ,1.8098251223564148 ,0.18181818181818182 ,1.0944950580596924 ,0.8628914952278137 ,0.7272727272727273  ,1.0072662830352783  ,1.0061596632003784 ,0.6363636363636364  ,0.6185372471809387  ,0.7498498260974884 ,0.6190476190476191  ,0.595859706401825   ,0.7046464085578918  ,0.7619047619047619
1.7797207832336426 ,1.7903701663017273 ,0.18181818181818182 ,0.9873803853988647 ,0.9293748140335083 ,0.5909090909090909  ,0.9341056942939758  ,1.033634901046753  ,0.5909090909090909  ,0.6841776967048645  ,0.7728104591369629 ,0.6190476190476191  ,0.9309945106506348  ,0.87701815366745    ,0.7619047619047619
1.8195430040359497 ,1.7790720462799072 ,0.18181818181818182 ,1.3428701162338257 ,0.9527429044246674 ,0.7272727272727273  ,1.0518232583999634  ,1.1053451001644135 ,0.5454545454545454  ,0.7240696549415588  ,0.7758040130138397 ,0.7142857142857143  ,0.17190417647361755 ,0.7815807461738586  ,0.7619047619047619
1.7796385288238525 ,1.7737753987312317 ,0.18181818181818182 ,1.1721643209457397 ,0.8728145360946655 ,0.7272727272727273  ,0.9382962584495544  ,1.0076659619808197 ,0.5454545454545454  ,0.519525408744812   ,0.7918533086776733 ,0.7619047619047619  ,0.4224814176559448  ,0.7557669281959534  ,0.7619047619047619
1.7689462900161743 ,1.7769153714179993 ,0.18181818181818182 ,1.325122356414795  ,0.9879352152347565 ,0.5909090909090909  ,0.9130703806877136  ,1.1102485060691833 ,0.5                 ,0.7431401610374451  ,0.90165975689888   ,0.7142857142857143  ,0.6155072450637817  ,0.5843180119991302  ,0.7619047619047619
1.7881252765655518 ,1.7809624671936035 ,0.18181818181818182 ,1.1299399137496948 ,1.0885515809059143 ,0.3181818181818182  ,1.0074654817581177  ,1.1568149328231812 ,0.5                 ,1.152814507484436   ,0.7530275881290436 ,0.7619047619047619  ,0.6067268252372742  ,0.5419701039791107  ,0.7142857142857143
1.781869649887085  ,1.8070826530456543 ,0.18181818181818182 ,0.9134069085121155 ,1.0013876855373383 ,0.2727272727272727  ,0.7502171397209167  ,1.1578512787818909 ,0.5454545454545454  ,0.7114354372024536  ,0.7859774231910706 ,0.7619047619047619  ,0.3481036424636841  ,0.7194993793964386  ,0.7619047619047619
1.788201928138733  ,1.8075522184371948 ,0.18181818181818182 ,1.079301357269287  ,0.9965839385986328 ,0.45454545454545453 ,0.7478101849555969  ,0.8190872371196747 ,0.5909090909090909  ,0.5674464106559753  ,0.7862924337387085 ,0.6666666666666666  ,0.602816104888916   ,0.6275123655796051  ,0.7142857142857143
1.7937426567077637 ,1.8117518424987793 ,0.18181818181818182 ,1.3280115127563477 ,1.0439569652080536 ,0.7272727272727273  ,1.04208242893219    ,0.9222736060619354 ,0.6363636363636364  ,0.5765833258628845  ,0.7456788718700409 ,0.6666666666666666  ,0.5258361101150513  ,0.7996877431869507  ,0.7142857142857143
1.7993087768554688 ,1.8055592775344849 ,0.18181818181818182 ,1.0223194360733032 ,0.9165215790271759 ,0.45454545454545453 ,0.9370923042297363  ,0.8121074736118317 ,0.6363636363636364  ,0.5808168053627014  ,0.7855363190174103 ,0.5714285714285714  ,0.56644606590271    ,1.0257610380649567  ,0.7619047619047619
1.7958436012268066 ,1.7983042001724243 ,0.18181818181818182 ,1.3594422340393066 ,0.9620472192764282 ,0.45454545454545453 ,0.7669252157211304  ,0.9036784470081329 ,0.6363636363636364  ,0.5894574522972107  ,0.8509842753410339 ,0.5714285714285714  ,0.4205755293369293  ,0.6600320935249329  ,0.7619047619047619
1.7868221998214722 ,1.7719886302947998 ,0.18181818181818182 ,1.2152231931686401 ,0.8400619924068451 ,0.5                 ,0.7008731365203857  ,0.8881197571754456 ,0.6818181818181818  ,1.1293877363204956  ,0.9919021129608154 ,0.5714285714285714  ,0.6416071057319641  ,0.5910401493310928  ,0.7619047619047619
1.7439782619476318 ,1.7975398898124695 ,0.18181818181818182 ,0.9357680082321167 ,0.8485284745693207 ,0.8181818181818182  ,1.0346081256866455  ,0.9080662727355957 ,0.6363636363636364  ,0.9251521229743958  ,0.8808961808681488 ,0.5238095238095238  ,0.4469083845615387  ,0.9143581390380859  ,0.7142857142857143
1.7955667972564697 ,1.790400207042694  ,0.18181818181818182 ,1.30167818069458   ,0.9237154126167297 ,0.6818181818181818  ,1.0069859027862549  ,1.042755126953125  ,0.6363636363636364  ,0.45473966002464294 ,0.8025704622268677 ,0.5714285714285714  ,0.5941120982170105  ,0.7755031287670135  ,0.7142857142857143
1.7468920946121216 ,1.7765067219734192 ,0.18181818181818182 ,1.0506421327590942 ,0.9931386113166809 ,0.5                 ,0.6934338212013245  ,0.9692900776863098 ,0.5                 ,0.7942795157432556  ,0.6978888511657715 ,0.7142857142857143  ,0.4649176597595215  ,0.6414569616317749  ,0.7142857142857143
1.8164830207824707 ,1.7981038689613342 ,0.18181818181818182 ,1.3121602535247803 ,0.9771871566772461 ,0.6818181818181818  ,0.9732877612113953  ,0.8802409470081329 ,0.6363636363636364  ,0.7724733352661133  ,0.8040418326854706 ,0.6190476190476191  ,0.6471935510635376  ,0.5637534558773041  ,0.7142857142857143
1.7493534088134766 ,1.806134283542633  ,0.18181818181818182 ,0.993293285369873  ,0.9020397067070007 ,0.5                 ,0.8819215893745422  ,0.916873037815094  ,0.6363636363636364  ,0.40701186656951904 ,0.767087385058403  ,0.5714285714285714  ,0.5473484992980957  ,0.6698997914791107  ,0.7619047619047619
1.7683852910995483 ,1.776326835155487  ,0.18181818181818182 ,1.1521378755569458 ,0.9585378170013428 ,0.5                 ,0.6186538338661194  ,0.8962934613227844 ,0.6363636363636364  ,0.7575910091400146  ,0.9650910794734955 ,0.5238095238095238  ,0.2815325856208801  ,0.6749863624572754  ,0.7619047619047619
1.7983596324920654 ,1.7892994284629822 ,0.18181818181818182 ,0.9832635521888733 ,0.8761290013790131 ,0.5454545454545454  ,1.166828989982605   ,0.9660118818283081 ,0.6363636363636364  ,0.679151713848114   ,1.01303169131279   ,0.5714285714285714  ,0.5741577744483948  ,0.8665039241313934  ,0.7619047619047619
1.7641290426254272 ,1.7986826300621033 ,0.22727272727272727 ,0.9739758968353271 ,0.9884087443351746 ,0.5909090909090909  ,0.6783013343811035  ,0.9839385747909546 ,0.6818181818181818  ,1.2454043626785278  ,0.6983263492584229 ,0.5714285714285714  ,0.5926076173782349  ,0.8235303461551666  ,0.7619047619047619
1.7955116033554077 ,1.8067876100540161 ,0.2727272727272727  ,1.1332870721817017 ,0.8712813258171082 ,0.6363636363636364  ,0.991719663143158   ,0.9799044728279114 ,0.6363636363636364  ,0.9410480856895447  ,0.7350126206874847 ,0.6190476190476191  ,0.6246119737625122  ,1.0230717658996582  ,0.7619047619047619
1.766230821609497  ,1.781427800655365  ,0.18181818181818182 ,1.3894091844558716 ,1.066740721464157  ,0.6818181818181818  ,0.7127725481987     ,0.9747990965843201 ,0.6818181818181818  ,0.5223645567893982  ,0.8926833271980286 ,0.6190476190476191  ,0.42532700300216675 ,0.8932383954524994  ,0.7619047619047619
1.7570282220840454 ,1.790889024734497  ,0.18181818181818182 ,0.9529620409011841 ,1.0050243139266968 ,0.6818181818181818  ,1.048780083656311   ,0.9973880648612976 ,0.6363636363636364  ,0.42834460735321045 ,1.1924294233322144 ,0.47619047619047616 ,0.37260618805885315 ,0.687012106180191   ,0.7619047619047619
1.7594540119171143 ,1.7682954668998718 ,0.18181818181818182 ,1.077947974205017  ,0.9107820391654968 ,0.6818181818181818  ,0.7359685301780701  ,0.9865091145038605 ,0.6363636363636364  ,0.6156697869300842  ,0.8635717332363129 ,0.47619047619047616 ,0.4501592814922333  ,0.7487080097198486  ,0.7619047619047619
1.7897093296051025 ,1.7842354774475098 ,0.18181818181818182 ,0.9476644992828369 ,0.9785642027854919 ,0.5909090909090909  ,0.8628702759742737  ,0.9567535817623138 ,0.6363636363636364  ,1.1242493391036987  ,0.9009088575839996 ,0.5714285714285714  ,0.49073299765586853 ,0.6705901622772217  ,0.7619047619047619
1.8278061151504517 ,1.8141517043113708 ,0.18181818181818182 ,1.003980040550232  ,0.9371999800205231 ,0.5454545454545454  ,0.7239623665809631  ,1.0212425887584686 ,0.5909090909090909  ,0.770808756351471   ,0.6403508186340332 ,0.5238095238095238  ,0.7625229954719543  ,0.5946400463581085  ,0.7619047619047619
1.7776365280151367 ,1.781657099723816  ,0.18181818181818182 ,1.2942562103271484 ,1.034879446029663  ,0.5454545454545454  ,1.3334399461746216  ,0.91273632645607   ,0.5909090909090909  ,1.521064043045044   ,0.6916941106319427 ,0.6190476190476191  ,0.6347812414169312  ,0.5531198158860207  ,0.7619047619047619
1.7815825939178467 ,1.8057096004486084 ,0.18181818181818182 ,1.1270849704742432 ,0.9797190427780151 ,0.5454545454545454  ,0.8039188981056213  ,0.8071604371070862 ,0.6363636363636364  ,0.9548659920692444  ,0.8089618384838104 ,0.6666666666666666  ,0.5355489253997803  ,0.8116008341312408  ,0.7619047619047619
1.7780817747116089 ,1.7994211912155151 ,0.18181818181818182 ,1.1270685195922852 ,0.9570161700248718 ,0.5909090909090909  ,1.151347041130066   ,0.935655951499939  ,0.6363636363636364  ,0.43106889724731445 ,0.6693273484706879 ,0.7142857142857143  ,0.38834598660469055 ,0.6507754623889923  ,0.7619047619047619
1.7823712825775146 ,1.7902650833129883 ,0.18181818181818182 ,0.9178082346916199 ,0.9590754806995392 ,0.5909090909090909  ,0.8911597728729248  ,0.8114031553268433 ,0.6363636363636364  ,0.40850961208343506 ,0.6092484891414642 ,0.7619047619047619  ,0.6385941505432129  ,0.6375446766614914  ,0.7619047619047619
1.8089534044265747 ,1.779557466506958  ,0.18181818181818182 ,0.856935441493988  ,1.0129300951957703 ,0.8181818181818182  ,0.9495968222618103  ,0.9997259974479675 ,0.5909090909090909  ,0.6425668001174927  ,0.6034656167030334 ,0.7142857142857143  ,0.5527809262275696  ,0.8506087958812714  ,0.7619047619047619
1.7460249662399292 ,1.8038583993911743 ,0.18181818181818182 ,1.2815992832183838 ,0.9631054103374481 ,0.8636363636363636  ,0.4447280466556549  ,0.9819827079772949 ,0.5909090909090909  ,0.8749374151229858  ,0.6445174664258957 ,0.7142857142857143  ,0.2013639509677887  ,0.8630907535552979  ,0.7619047619047619
1.7607072591781616 ,1.7913691401481628 ,0.18181818181818182 ,1.2011610269546509 ,0.8963440358638763 ,0.9090909090909091  ,1.0495299100875854  ,1.0598848462104797 ,0.6363636363636364  ,0.6451048254966736  ,0.7251781821250916 ,0.7142857142857143  ,0.878307044506073   ,0.531814768910408   ,0.7619047619047619
1.7773975133895874 ,1.7826323509216309 ,0.18181818181818182 ,1.2995669841766357 ,0.9391226470470428 ,0.7727272727272727  ,0.8393457531929016  ,1.0984241962432861 ,0.6363636363636364  ,0.8463742733001709  ,0.7419721484184265 ,0.6666666666666666  ,0.6105563044548035  ,1.0066657364368439  ,0.7619047619047619
1.7468150854110718 ,1.7908837795257568 ,0.18181818181818182 ,1.24563467502594   ,0.8829638361930847 ,0.7272727272727273  ,1.0281541347503662  ,1.3055360615253448 ,0.6363636363636364  ,0.5985918045043945  ,0.755233108997345  ,0.7619047619047619  ,0.4227566123008728  ,0.6346011459827423  ,0.7619047619047619
1.824942708015442  ,1.7820807695388794 ,0.18181818181818182 ,0.7690000534057617 ,0.9290866553783417 ,0.7272727272727273  ,0.9366261959075928  ,0.9155673980712891 ,0.6363636363636364  ,0.9967706203460693  ,0.6662735044956207 ,0.7142857142857143  ,0.45798903703689575 ,0.5713606178760529  ,0.7619047619047619
1.7765735387802124 ,1.814578652381897  ,0.18181818181818182 ,1.206328272819519  ,0.9498611688613892 ,0.7727272727272727  ,0.8130678534507751  ,1.0766133069992065 ,0.6818181818181818  ,0.44925791025161743 ,0.6460025906562805 ,0.7619047619047619  ,0.6379964351654053  ,0.9013305008411407  ,0.7619047619047619
1.7868154048919678 ,1.8050201535224915 ,0.18181818181818182 ,0.8782102465629578 ,0.9338778853416443 ,0.7727272727272727  ,0.7889776825904846  ,0.9693904221057892 ,0.6363636363636364  ,0.5280812978744507  ,0.6490268111228943 ,0.8095238095238095  ,0.41886964440345764 ,0.9148418009281158  ,0.7619047619047619
1.7069939374923706 ,1.804409384727478  ,0.18181818181818182 ,0.9823997616767883 ,0.9700871109962463 ,0.7727272727272727  ,0.9898269772529602  ,0.925929993391037  ,0.6818181818181818  ,0.6786942481994629  ,0.7214507758617401 ,0.7619047619047619  ,0.5302864909172058  ,0.5980573743581772  ,0.7619047619047619
1.7861701250076294 ,1.7724890112876892 ,0.18181818181818182 ,1.0514379739761353 ,0.873480349779129  ,0.7727272727272727  ,0.8006659150123596  ,1.0351204574108124 ,0.6818181818181818  ,0.6063076257705688  ,0.6969487965106964 ,0.6666666666666666  ,0.6702421307563782  ,0.8620583415031433  ,0.7619047619047619
1.7440258264541626 ,1.8044031262397766 ,0.18181818181818182 ,0.9861581325531006 ,0.8531139194965363 ,0.7727272727272727  ,0.9977227449417114  ,0.8916462063789368 ,0.6818181818181818  ,0.6516329646110535  ,0.7106525003910065 ,0.7142857142857143  ,0.4257746934890747  ,1.0850253254175186  ,0.7619047619047619
1.7492272853851318 ,1.780826985836029  ,0.18181818181818182 ,1.3402124643325806 ,0.9084147810935974 ,0.8636363636363636  ,1.122786521911621   ,0.8644073903560638 ,0.6818181818181818  ,0.5484155416488647  ,0.7122046649456024 ,0.7142857142857143  ,0.6115335822105408  ,0.5553953275084496  ,0.7619047619047619
1.8238353729248047 ,1.7692437767982483 ,0.18181818181818182 ,0.9211339950561523 ,0.8707875907421112 ,0.8181818181818182  ,0.5782329440116882  ,0.9520303606987    ,0.6818181818181818  ,0.6532430648803711  ,0.5932271778583527 ,0.7619047619047619  ,0.377334326505661   ,0.8130421936511993  ,0.7619047619047619
1.7788705825805664 ,1.7655698657035828 ,0.18181818181818182 ,0.9287137985229492 ,0.9217250645160675 ,0.8181818181818182  ,0.6680375933647156  ,0.7727449983358383 ,0.6818181818181818  ,0.8914280533790588  ,0.7248999774456024 ,0.7142857142857143  ,0.4952136278152466  ,0.6979156136512756  ,0.7619047619047619
1.750303864479065  ,1.7927232384681702 ,0.18181818181818182 ,1.1331042051315308 ,0.9416658282279968 ,0.5909090909090909  ,1.0613504648208618  ,1.067565679550171  ,0.5909090909090909  ,0.5279428958892822  ,0.7753104865550995 ,0.7142857142857143  ,0.3424472212791443  ,0.7489992678165436  ,0.7619047619047619
1.7764997482299805 ,1.7990423440933228 ,0.18181818181818182 ,0.9499990344047546 ,1.1012205183506012 ,0.45454545454545453 ,0.7892040014266968  ,1.2321060299873352 ,0.6363636363636364  ,0.4306522011756897  ,0.7516326010227203 ,0.6666666666666666  ,0.3882898688316345  ,0.5446228310465813  ,0.7619047619047619
1.8047672510147095 ,1.8095958828926086 ,0.18181818181818182 ,1.2103031873703003 ,0.9712491035461426 ,0.45454545454545453 ,1.1502596139907837  ,1.0396983921527863 ,0.6363636363636364  ,0.9539555907249451  ,0.7083635628223419 ,0.5714285714285714  ,0.6019711494445801  ,0.8904109299182892  ,0.7619047619047619
1.743699550628662  ,1.7985065579414368 ,0.18181818181818182 ,0.906963050365448  ,0.8487079441547394 ,0.45454545454545453 ,0.9537004232406616  ,0.9756057858467102 ,0.5909090909090909  ,0.63816899061203    ,0.7602295279502869 ,0.6666666666666666  ,0.34287750720977783 ,0.6412982046604156  ,0.7619047619047619
1.7463741302490234 ,1.7731123566627502 ,0.18181818181818182 ,1.1418190002441406 ,0.9040805995464325 ,0.5909090909090909  ,0.8285068869590759  ,0.7867054343223572 ,0.5909090909090909  ,0.4281630218029022  ,0.6737883687019348 ,0.6190476190476191  ,0.5237573385238647  ,0.6873742938041687  ,0.7142857142857143
1.7847037315368652 ,1.785561203956604  ,0.18181818181818182 ,1.1883050203323364 ,0.9986080527305603 ,0.6363636363636364  ,0.8162985444068909  ,0.9350254237651825 ,0.5909090909090909  ,0.7306134700775146  ,0.7023927569389343 ,0.6190476190476191  ,0.7624825835227966  ,0.6414834558963776  ,0.7619047619047619
1.801207184791565  ,1.8003104329109192 ,0.18181818181818182 ,1.0794278383255005 ,0.8675041496753693 ,0.6363636363636364  ,0.5323311686515808  ,0.932784378528595  ,0.5909090909090909  ,0.6108660697937012  ,0.7187198102474213 ,0.6666666666666666  ,0.5485764741897583  ,0.6605223715305328  ,0.7619047619047619
1.7768807411193848 ,1.7810044884681702 ,0.18181818181818182 ,1.1761034727096558 ,0.7530129104852676 ,0.8636363636363636  ,0.9680163860321045  ,0.9203803837299347 ,0.5909090909090909  ,0.7973664999008179  ,0.9320182502269745 ,0.6666666666666666  ,0.627177894115448   ,0.7483513355255127  ,0.7619047619047619
1.7650946378707886 ,1.7845438122749329 ,0.18181818181818182 ,0.7365806698799133 ,0.9762455821037292 ,0.5909090909090909  ,0.8924152851104736  ,0.9131871461868286 ,0.5909090909090909  ,0.5913290977478027  ,0.7504127621650696 ,0.6666666666666666  ,0.49575039744377136 ,0.6207090467214584  ,0.7619047619047619
1.757959246635437  ,1.7860376834869385 ,0.18181818181818182 ,1.1692421436309814 ,1.0179173350334167 ,0.45454545454545453 ,0.6715804934501648  ,0.9864874482154846 ,0.6363636363636364  ,0.550703227519989   ,0.6402472853660583 ,0.7142857142857143  ,0.5376343131065369  ,0.5711362063884735  ,0.7619047619047619
1.7817492485046387 ,1.7706544995307922 ,0.18181818181818182 ,1.2347813844680786 ,0.9749595522880554 ,0.5454545454545454  ,0.9913124442100525  ,1.1068503260612488 ,0.5909090909090909  ,0.4806738495826721  ,0.7081588804721832 ,0.6666666666666666  ,0.5688775777816772  ,0.4841005941852927  ,0.7619047619047619
1.7768279314041138 ,1.7820377945899963 ,0.18181818181818182 ,1.1255110502243042 ,0.900169849395752  ,0.8181818181818182  ,0.6666487455368042  ,1.0796853005886078 ,0.5909090909090909  ,0.5594432950019836  ,0.6360013782978058 ,0.6666666666666666  ,0.3837181627750397  ,0.755302757024765   ,0.7619047619047619
1.7731355428695679 ,1.7860562205314636 ,0.18181818181818182 ,1.2482408285140991 ,0.8783423602581024 ,0.6363636363636364  ,0.9922612309455872  ,1.0435429513454437 ,0.5909090909090909  ,1.1688661575317383  ,0.692738950252533  ,0.6190476190476191  ,0.24629786610603333 ,0.8440406024456024  ,0.7619047619047619
1.7455230951309204 ,1.7776511311531067 ,0.18181818181818182 ,1.2784942388534546 ,0.9258285760879517 ,0.5                 ,0.8012901544570923  ,1.2612731754779816 ,0.5909090909090909  ,0.3472919762134552  ,0.7687420547008514 ,0.6666666666666666  ,0.36444154381752014 ,0.8228716254234314  ,0.7619047619047619
1.7638413906097412 ,1.8100669980049133 ,0.18181818181818182 ,1.1759650707244873 ,0.9637059271335602 ,0.4090909090909091  ,1.1722443103790283  ,1.1728194653987885 ,0.6363636363636364  ,0.6768221855163574  ,0.7449485063552856 ,0.6666666666666666  ,0.40658700466156006 ,0.5681449621915817  ,0.7142857142857143
1.7610032558441162 ,1.7694702744483948 ,0.18181818181818182 ,1.405548334121704  ,0.9605180025100708 ,0.5454545454545454  ,0.9594466686248779  ,0.922661542892456  ,0.6363636363636364  ,0.9484655261039734  ,0.7879283428192139 ,0.6666666666666666  ,0.7073927521705627  ,0.6510364711284637  ,0.7142857142857143
1.8058693408966064 ,1.7996060252189636 ,0.18181818181818182 ,0.9816532731056213 ,0.8288447558879852 ,0.8636363636363636  ,0.9212351441383362  ,0.8770245015621185 ,0.6818181818181818  ,0.5407606363296509  ,0.6704672873020172 ,0.6666666666666666  ,0.6617399454116821  ,0.5549682453274727  ,0.7142857142857143
1.7580125331878662 ,1.7995626330375671 ,0.18181818181818182 ,0.8696104288101196 ,0.8400543034076691 ,0.7272727272727273  ,0.7184247970581055  ,0.9264407753944397 ,0.6818181818181818  ,0.6623842716217041  ,0.7906203269958496 ,0.7142857142857143  ,0.48788535594940186 ,0.6329070627689362  ,0.7619047619047619
1.798882007598877  ,1.794177234172821  ,0.18181818181818182 ,0.9886148571968079 ,1.0384072363376617 ,0.6818181818181818  ,0.44512471556663513 ,0.9115613400936127 ,0.6818181818181818  ,0.7257590293884277  ,0.7217357754707336 ,0.7142857142857143  ,0.27908703684806824 ,1.041566789150238   ,0.7619047619047619
1.8437798023223877 ,1.7733749747276306 ,0.18181818181818182 ,1.2236601114273071 ,0.9089142084121704 ,0.6818181818181818  ,0.9978761076927185  ,0.8896950483322144 ,0.7727272727272727  ,0.8340573310852051  ,0.8341643512248993 ,0.7619047619047619  ,0.3939445912837982  ,0.5592768788337708  ,0.7619047619047619
1.7509068250656128 ,1.7632729411125183 ,0.18181818181818182 ,1.2807745933532715 ,0.8902258574962616 ,0.7727272727272727  ,0.8032970428466797  ,0.8625162541866302 ,0.6363636363636364  ,0.3906986713409424  ,0.795958936214447  ,0.7619047619047619  ,0.5140329599380493  ,0.6239184439182281  ,0.7619047619047619
1.7360626459121704 ,1.7675216794013977 ,0.18181818181818182 ,1.0497534275054932 ,0.9112597405910492 ,0.9090909090909091  ,0.6752721667289734  ,0.9567950665950775 ,0.6363636363636364  ,0.6337812542915344  ,0.7415676712989807 ,0.7619047619047619  ,0.4084668755531311  ,0.6808866560459137  ,0.7619047619047619
1.7402623891830444 ,1.7698574662208557 ,0.18181818181818182 ,0.9991878867149353 ,0.9189216792583466 ,0.8636363636363636  ,0.8132721781730652  ,1.0420486330986023 ,0.6363636363636364  ,0.8191011548042297  ,0.7746335566043854 ,0.7142857142857143  ,0.453351765871048   ,0.9884195923805237  ,0.7619047619047619
1.7619831562042236 ,1.7586414217948914 ,0.18181818181818182 ,0.8042068481445312 ,0.7373999506235123 ,0.8636363636363636  ,0.7832875847816467  ,0.9803955852985382 ,0.5909090909090909  ,0.697085976600647   ,0.7597504556179047 ,0.7142857142857143  ,0.5485570430755615  ,0.6559887826442719  ,0.7619047619047619
1.7153253555297852 ,1.7829059958457947 ,0.18181818181818182 ,1.0114519596099854 ,0.9408001005649567 ,0.7272727272727273  ,1.2111287117004395  ,0.9242181479930878 ,0.5909090909090909  ,0.32227054238319397 ,0.6552243828773499 ,0.7142857142857143  ,0.7840600609779358  ,0.47959004435688257 ,0.7619047619047619
1.7767705917358398 ,1.7539891004562378 ,0.18181818181818182 ,1.0962104797363281 ,0.9614512920379639 ,0.5454545454545454  ,1.1312947273254395  ,1.0080661475658417 ,0.6363636363636364  ,0.4543355703353882  ,0.7468893826007843 ,0.6666666666666666  ,0.3202744424343109  ,0.8453401923179626  ,0.7142857142857143
1.8088316917419434 ,1.7834622263908386 ,0.18181818181818182 ,1.1106629371643066 ,0.9560977518558502 ,0.5454545454545454  ,0.8515183925628662  ,1.0159424245357513 ,0.5909090909090909  ,0.7932359576225281  ,0.7339465320110321 ,0.7142857142857143  ,0.321856290102005   ,0.6190461218357086  ,0.7142857142857143
1.7673760652542114 ,1.7716512084007263 ,0.18181818181818182 ,0.8912318348884583 ,0.8583003878593445 ,0.6818181818181818  ,0.9573376774787903  ,0.9057399034500122 ,0.5909090909090909  ,0.4318508505821228  ,0.7232025563716888 ,0.6666666666666666  ,0.5858939290046692  ,0.5453172996640205  ,0.7142857142857143
1.7266894578933716 ,1.7615774869918823 ,0.18181818181818182 ,1.0696455240249634 ,0.9562442600727081 ,0.8181818181818182  ,0.7837326526641846  ,0.7903884053230286 ,0.6363636363636364  ,0.8498439192771912  ,0.7284016907215118 ,0.6666666666666666  ,0.6383147239685059  ,0.9733071029186249  ,0.7142857142857143
1.7321609258651733 ,1.7989802360534668 ,0.18181818181818182 ,0.9975443482398987 ,0.9700514674186707 ,0.7727272727272727  ,0.7348284125328064  ,1.0378855764865875 ,0.5909090909090909  ,0.6959924101829529  ,0.7383355498313904 ,0.6666666666666666  ,0.7236605882644653  ,0.6363893002271652  ,0.7142857142857143
1.764494776725769  ,1.7648736238479614 ,0.18181818181818182 ,1.10590398311615   ,1.007470279932022  ,0.7272727272727273  ,0.740840494632721   ,1.0120413899421692 ,0.5909090909090909  ,0.35314637422561646 ,0.7418796718120575 ,0.7142857142857143  ,0.28134047985076904 ,0.5550690218806267  ,0.7619047619047619
1.7652771472930908 ,1.7827105522155762 ,0.18181818181818182 ,0.9878442287445068 ,1.0306127071380615 ,0.4090909090909091  ,0.7770625352859497  ,0.9385854303836823 ,0.5909090909090909  ,0.5068286061286926  ,0.7331286668777466 ,0.6190476190476191  ,0.3716157078742981  ,0.7793857455253601  ,0.7619047619047619
1.7542508840560913 ,1.7826984524726868 ,0.22727272727272727 ,1.3500880002975464 ,1.0051499009132385 ,0.45454545454545453 ,0.8760199546813965  ,0.8947335332632065 ,0.5909090909090909  ,0.6458718776702881  ,0.6911440789699554 ,0.6190476190476191  ,0.5714350342750549  ,0.8156453371047974  ,0.7619047619047619
1.8041001558303833 ,1.7806329131126404 ,0.36363636363636365 ,1.018099308013916  ,0.8677894175052643 ,0.5909090909090909  ,0.9136975407600403  ,1.1184772849082947 ,0.5909090909090909  ,0.43274563550949097 ,0.8211849629878998 ,0.6666666666666666  ,0.45464035868644714 ,0.8482281863689423  ,0.7619047619047619
1.6709152460098267 ,1.754031479358673  ,0.36363636363636365 ,1.0667825937271118 ,0.9465088546276093 ,0.6363636363636364  ,1.0278900861740112  ,0.9256409406661987 ,0.6818181818181818  ,0.6566047072410583  ,0.5758840590715408 ,0.7142857142857143  ,0.5345961451530457  ,0.7663446068763733  ,0.7619047619047619
1.7824249267578125 ,1.7800471186637878 ,0.36363636363636365 ,0.8708175420761108 ,0.937120258808136  ,0.5454545454545454  ,0.6218043565750122  ,0.9193058907985687 ,0.5909090909090909  ,0.8418332934379578  ,0.5907074213027954 ,0.7142857142857143  ,0.6036480069160461  ,0.7891722321510315  ,0.7619047619047619
1.7447880506515503 ,1.750775694847107  ,0.36363636363636365 ,1.5275778770446777 ,0.9247742891311646 ,0.5909090909090909  ,0.874704122543335   ,0.9293451607227325 ,0.6363636363636364  ,0.5133193731307983  ,0.7062793970108032 ,0.7142857142857143  ,0.6099326014518738  ,0.9864371120929718  ,0.7619047619047619
1.7654796838760376 ,1.7671018838882446 ,0.36363636363636365 ,1.481326937675476  ,0.8204024434089661 ,0.6818181818181818  ,0.6831300258636475  ,0.8942154943943024 ,0.6818181818181818  ,0.659318208694458   ,0.751674085855484  ,0.7142857142857143  ,0.5515937209129333  ,0.6176093220710754  ,0.7619047619047619
1.7366125583648682 ,1.765196144580841  ,0.36363636363636365 ,0.922947108745575  ,0.8583409786224365 ,0.5909090909090909  ,0.7228255867958069  ,0.7871509492397308 ,0.6818181818181818  ,0.7670844793319702  ,0.6806137263774872 ,0.5714285714285714  ,0.59473717212677    ,0.9515281915664673  ,0.7619047619047619
1.7781161069869995 ,1.7420244812965393 ,0.22727272727272727 ,1.1195460557937622 ,1.0084567964076996 ,0.45454545454545453 ,1.206711769104004   ,0.8911912739276886 ,0.7272727272727273  ,0.5589717626571655  ,0.774143636226654  ,0.6190476190476191  ,0.3378699719905853  ,1.0257977843284607  ,0.7619047619047619
1.7437692880630493 ,1.7886525392532349 ,0.18181818181818182 ,0.9433890581130981 ,1.0240783095359802 ,0.45454545454545453 ,0.915949821472168   ,0.8945930898189545 ,0.6363636363636364  ,0.5965040922164917  ,0.6220988035202026 ,0.7142857142857143  ,0.7101649045944214  ,0.7616534531116486  ,0.7619047619047619
1.6976503133773804 ,1.7652239799499512 ,0.18181818181818182 ,0.8202168345451355 ,0.9962381720542908 ,0.45454545454545453 ,0.7737758159637451  ,0.9144867360591888 ,0.6363636363636364  ,0.5218681693077087  ,0.6685723960399628 ,0.6666666666666666  ,0.43341824412345886 ,0.6113828420639038  ,0.7619047619047619
1.7591780424118042 ,1.7479059100151062 ,0.18181818181818182 ,0.9486176371574402 ,1.015534669160843  ,0.45454545454545453 ,0.7486771941184998  ,1.0216626226902008 ,0.6363636363636364  ,0.7944653630256653  ,0.5611770451068878 ,0.7619047619047619  ,0.34289488196372986 ,0.6511066854000092  ,0.7619047619047619
1.7521827220916748 ,1.7415453791618347 ,0.18181818181818182 ,1.0330185890197754 ,0.9169610440731049 ,0.5                 ,0.9138776659965515  ,1.0998570919036865 ,0.5909090909090909  ,0.8178015947341919  ,0.8312942385673523 ,0.7142857142857143  ,0.5743352770805359  ,0.5706885010004044  ,0.7619047619047619
1.6589689254760742 ,1.7609992623329163 ,0.18181818181818182 ,0.8477622866630554 ,0.8382191956043243 ,0.5909090909090909  ,0.7893273830413818  ,1.2311939597129822 ,0.6363636363636364  ,0.6452714800834656  ,0.8091656863689423 ,0.7142857142857143  ,0.46130165457725525 ,0.7350299060344696  ,0.7619047619047619
1.7912143468856812 ,1.7501352429389954 ,0.18181818181818182 ,1.18693208694458   ,0.823157548904419  ,0.6363636363636364  ,0.8486854434013367  ,0.9700664281845093 ,0.6363636363636364  ,0.7937854528427124  ,0.6829248368740082 ,0.7142857142857143  ,0.39302223920822144 ,0.5695663765072823  ,0.7619047619047619
1.7680860757827759 ,1.7459172010421753 ,0.18181818181818182 ,1.0127965211868286 ,0.8553631603717804 ,0.6818181818181818  ,1.055466890335083   ,0.9164702892303467 ,0.5909090909090909  ,0.582829475402832   ,0.8556124567985535 ,0.7619047619047619  ,0.6079424619674683  ,0.7521984279155731  ,0.7619047619047619
1.727272391319275  ,1.7329828143119812 ,0.22727272727272727 ,1.1220111846923828 ,0.9030886292457581 ,0.6818181818181818  ,0.6237935423851013  ,0.9116274118423462 ,0.6363636363636364  ,0.3480016589164734  ,0.6886999607086182 ,0.7619047619047619  ,0.39411669969558716 ,0.728280782699585   ,0.7619047619047619
1.7617262601852417 ,1.7474586963653564 ,0.3181818181818182  ,1.117308497428894  ,0.8136761784553528 ,0.6818181818181818  ,1.1885838508605957  ,0.8688341975212097 ,0.6363636363636364  ,0.49964311718940735 ,0.6535206437110901 ,0.6666666666666666  ,0.6673685312271118  ,1.2072990834712982  ,0.7619047619047619
1.7543694972991943 ,1.7413299083709717 ,0.36363636363636365 ,1.0405668020248413 ,0.734531044960022  ,0.6818181818181818  ,0.9763339757919312  ,0.8971765637397766 ,0.6818181818181818  ,0.5043301582336426  ,0.7244356870651245 ,0.6666666666666666  ,0.3729517161846161  ,0.6215116828680038  ,0.7619047619047619
1.680687665939331  ,1.7368815541267395 ,0.36363636363636365 ,0.9938478469848633 ,0.7792983949184418 ,0.9090909090909091  ,1.0503478050231934  ,0.8930145800113678 ,0.6818181818181818  ,0.7156506776809692  ,0.7059910595417023 ,0.6666666666666666  ,0.5262657403945923  ,0.5698700696229935  ,0.7619047619047619
1.7201718091964722 ,1.708720624446869  ,0.36363636363636365 ,1.0051891803741455 ,0.844048261642456  ,0.8181818181818182  ,0.9693328738212585  ,0.9571924209594727 ,0.6818181818181818  ,0.656908392906189   ,0.7921627759933472 ,0.6666666666666666  ,0.4890434741973877  ,0.7267655730247498  ,0.7619047619047619
1.7379249334335327 ,1.7315001487731934 ,0.36363636363636365 ,0.8968414664268494 ,0.7194188386201859 ,0.7272727272727273  ,0.9154403209686279  ,0.9781830906867981 ,0.5909090909090909  ,0.5094066262245178  ,0.8701708912849426 ,0.6666666666666666  ,0.27469465136528015 ,0.9891262054443359  ,0.7619047619047619
1.715471863746643  ,1.738417625427246  ,0.36363636363636365 ,1.1040308475494385 ,0.9185620844364166 ,0.7272727272727273  ,0.6581047177314758  ,0.9933179020881653 ,0.6363636363636364  ,0.6293425559997559  ,0.7050365805625916 ,0.6190476190476191  ,0.749009370803833   ,0.569707915186882   ,0.7619047619047619
1.7531495094299316 ,1.7754226326942444 ,0.36363636363636365 ,1.019612193107605  ,0.964047759771347  ,0.6818181818181818  ,0.35804951190948486 ,1.0981874465942383 ,0.6363636363636364  ,0.6665146946907043  ,0.7491862177848816 ,0.6190476190476191  ,0.7140424847602844  ,0.5905107855796814  ,0.7619047619047619
1.7116525173187256 ,1.7174203395843506 ,0.36363636363636365 ,1.07909095287323   ,1.0303885340690613 ,0.5909090909090909  ,1.300743579864502   ,1.0041499435901642 ,0.6363636363636364  ,0.6886973977088928  ,0.7144874334335327 ,0.7142857142857143  ,0.537498950958252   ,0.7102989256381989  ,0.7619047619047619
1.7457746267318726 ,1.7391451597213745 ,0.36363636363636365 ,0.957775354385376  ,0.9920045435428619 ,0.45454545454545453 ,1.0973354578018188  ,1.0284463763237    ,0.6363636363636364  ,0.595970869064331   ,0.6642422378063202 ,0.7142857142857143  ,0.5339228510856628  ,1.2435344606637955  ,0.6666666666666666
1.6915463209152222 ,1.7365221977233887 ,0.36363636363636365 ,1.242861032485962  ,1.009165108203888  ,0.6818181818181818  ,0.6273534297943115  ,0.9428038895130157 ,0.6363636363636364  ,0.4916402995586395  ,0.714654266834259  ,0.7619047619047619  ,0.6153674721717834  ,1.1483919620513916  ,0.6666666666666666
1.679040789604187  ,1.7525110840797424 ,0.36363636363636365 ,0.9698517918586731 ,0.8092891573905945 ,0.8181818181818182  ,0.6148075461387634  ,0.9145282208919525 ,0.6818181818181818  ,0.6804810762405396  ,0.7126090228557587 ,0.7619047619047619  ,0.5594956278800964  ,0.6080144941806793  ,0.7619047619047619
1.715469479560852  ,1.6832659840583801 ,0.36363636363636365 ,1.0966235399246216 ,0.903030514717102  ,0.9090909090909091  ,0.7689021229743958  ,0.8876872658729553 ,0.7272727272727273  ,0.7178218364715576  ,0.6889656484127045 ,0.7619047619047619  ,0.47266897559165955 ,1.1312176287174225  ,0.7619047619047619
1.730228066444397  ,1.710720181465149  ,0.36363636363636365 ,0.8120710253715515 ,0.9211655557155609 ,0.5                 ,0.9491280913352966  ,0.8723424971103668 ,0.6363636363636364  ,0.36029574275016785 ,0.7134154438972473 ,0.7619047619047619  ,0.32084569334983826 ,0.7916324436664581  ,0.7619047619047619
1.6897101402282715 ,1.6984580159187317 ,0.36363636363636365 ,1.3187886476516724 ,0.9734880924224854 ,0.45454545454545453 ,0.9633612036705017  ,0.8354261517524719 ,0.6363636363636364  ,0.5243595242500305  ,0.7167969346046448 ,0.6666666666666666  ,0.7239967584609985  ,0.503761351108551   ,0.7142857142857143
1.6591920852661133 ,1.735128402709961  ,0.36363636363636365 ,0.8435607552528381 ,0.8587478995323181 ,0.45454545454545453 ,0.6144152879714966  ,0.953478068113327  ,0.5909090909090909  ,0.4356013834476471  ,0.6945362389087677 ,0.6666666666666666  ,0.6380537152290344  ,0.668193519115448   ,0.7142857142857143
1.723573088645935  ,1.6970021724700928 ,0.36363636363636365 ,1.367437720298767  ,0.8345941305160522 ,0.7727272727272727  ,0.7667065858840942  ,0.8416286110877991 ,0.5909090909090909  ,0.948581874370575   ,0.7135031968355179 ,0.6666666666666666  ,0.4002998173236847  ,0.6230310648679733  ,0.7619047619047619
1.6994743347167969 ,1.7301169037818909 ,0.3181818181818182  ,1.122085452079773  ,0.8435311913490295 ,0.7272727272727273  ,0.9680175185203552  ,1.0073435604572296 ,0.5909090909090909  ,0.6230366826057434  ,0.7205973863601685 ,0.6190476190476191  ,0.533644437789917   ,0.6567360907793045  ,0.7619047619047619
1.7062581777572632 ,1.6983394026756287 ,0.36363636363636365 ,1.0319844484329224 ,0.9598976671695709 ,0.6818181818181818  ,0.5984103679656982  ,1.1773329377174377 ,0.5909090909090909  ,0.663504421710968   ,0.7793792188167572 ,0.7142857142857143  ,0.36193281412124634 ,0.7536173760890961  ,0.7619047619047619
1.7064948081970215 ,1.660757064819336  ,0.36363636363636365 ,0.7905645966529846 ,1.1421518921852112 ,0.2727272727272727  ,0.9660696983337402  ,1.099919319152832  ,0.5909090909090909  ,0.360595703125      ,0.7457867562770844 ,0.7142857142857143  ,0.4541985094547272  ,0.8736927509307861  ,0.7142857142857143
1.636759638786316  ,1.678412675857544  ,0.36363636363636365 ,1.2974021434783936 ,1.1155017018318176 ,0.2727272727272727  ,1.3503566980361938  ,0.9663549065589905 ,0.6363636363636364  ,0.6651300191879272  ,0.7094436585903168 ,0.7142857142857143  ,0.2839881479740143  ,0.49363389424979687 ,0.7619047619047619
1.7753863334655762 ,1.6725059151649475 ,0.36363636363636365 ,1.1619279384613037 ,0.9368257224559784 ,0.6363636363636364  ,0.4883774518966675  ,0.9186428487300873 ,0.6363636363636364  ,0.5936937928199768  ,0.74216029047966   ,0.7142857142857143  ,0.5805772542953491  ,0.939407080411911   ,0.7619047619047619
1.6726957559585571 ,1.6235904097557068 ,0.36363636363636365 ,0.8758556842803955 ,0.8152688443660736 ,0.8636363636363636  ,0.726250410079956   ,0.9665240347385406 ,0.7272727272727273  ,0.6564931869506836  ,0.6866072714328766 ,0.7619047619047619  ,0.603169322013855   ,0.5159778613597155  ,0.7619047619047619
1.5508986711502075 ,1.6995578408241272 ,0.36363636363636365 ,1.01222562789917   ,0.807913064956665  ,0.7727272727272727  ,0.7081003785133362  ,0.8569165170192719 ,0.6818181818181818  ,0.6959249973297119  ,0.6567131876945496 ,0.7619047619047619  ,0.46841615438461304 ,0.7947882413864136  ,0.7619047619047619
1.7174861431121826 ,1.6688876152038574 ,0.36363636363636365 ,1.4355586767196655 ,0.8975400328636169 ,0.6363636363636364  ,0.6682300567626953  ,0.8281407058238983 ,0.6818181818181818  ,0.4331474006175995  ,0.655616819858551  ,0.7619047619047619  ,0.694208025932312   ,0.6567105799913406  ,0.7619047619047619
1.6796060800552368 ,1.6279165148735046 ,0.36363636363636365 ,0.7883517146110535 ,0.8301148414611816 ,0.6363636363636364  ,1.087996006011963   ,0.8218178153038025 ,0.6818181818181818  ,0.3427005410194397  ,0.6969567835330963 ,0.7619047619047619  ,0.3248250484466553  ,0.9172854721546173  ,0.7619047619047619
1.7003018856048584 ,1.6579546332359314 ,0.36363636363636365 ,0.9996541142463684 ,0.8589688241481781 ,0.6818181818181818  ,0.6837975978851318  ,0.9500331878662109 ,0.6363636363636364  ,0.6976815462112427  ,0.6045592725276947 ,0.7619047619047619  ,0.19712746143341064 ,0.6956778466701508  ,0.7619047619047619
1.6288909912109375 ,1.6408734321594238 ,0.36363636363636365 ,0.9770942330360413 ,0.8771909773349762 ,0.6818181818181818  ,0.7870450019836426  ,0.8493459522724152 ,0.6363636363636364  ,0.9003299474716187  ,0.6260058879852295 ,0.7142857142857143  ,0.666816771030426   ,0.6628367155790329  ,0.7619047619047619
1.6285204887390137 ,1.6495603322982788 ,0.36363636363636365 ,1.082359790802002  ,0.8959085643291473 ,0.6818181818181818  ,0.7308136224746704  ,0.9338299632072449 ,0.6363636363636364  ,0.5260486602783203  ,0.7365926504135132 ,0.6666666666666666  ,0.5698955655097961  ,0.6274281740188599  ,0.7619047619047619
1.6877158880233765 ,1.6673555970191956 ,0.36363636363636365 ,0.9791940450668335 ,0.8460967838764191 ,0.5909090909090909  ,0.713496744632721   ,0.8594610095024109 ,0.6363636363636364  ,0.5071353316307068  ,0.6530701816082001 ,0.6666666666666666  ,0.48754552006721497 ,0.9399105906486511  ,0.7619047619047619
1.585372805595398  ,1.5861799120903015 ,0.36363636363636365 ,0.92458176612854   ,0.9130210280418396 ,0.5                 ,1.0894432067871094  ,0.8374106585979462 ,0.5909090909090909  ,0.35554254055023193 ,0.7125378549098969 ,0.7142857142857143  ,0.6604824662208557  ,0.694966584444046   ,0.7619047619047619
1.6471580266952515 ,1.6091447472572327 ,0.36363636363636365 ,1.035589575767517  ,0.8972131311893463 ,0.36363636363636365 ,0.9568495750427246  ,0.8563518226146698 ,0.5909090909090909  ,0.43737444281578064 ,0.8041508495807648 ,0.7142857142857143  ,0.10032843053340912 ,0.9215553998947144  ,0.7619047619047619
1.554996371269226  ,1.6189553141593933 ,0.36363636363636365 ,0.9601824879646301 ,0.9949488937854767 ,0.36363636363636365 ,1.023349404335022   ,0.8281185030937195 ,0.6818181818181818  ,0.7939842939376831  ,0.6840366125106812 ,0.6666666666666666  ,0.46047472953796387 ,1.1035013943910599  ,0.7619047619047619
1.4752131700515747 ,1.6223278641700745 ,0.3181818181818182  ,0.909146785736084  ,1.0255275666713715 ,0.36363636363636365 ,0.5434048175811768  ,0.7979797422885895 ,0.6363636363636364  ,0.4839431047439575  ,0.7303484678268433 ,0.6666666666666666  ,0.46779340505599976 ,0.697219729423523   ,0.7619047619047619
1.6885210275650024 ,1.5762689709663391 ,0.3181818181818182  ,1.3138407468795776 ,0.9439989626407623 ,0.45454545454545453 ,0.8876587152481079  ,0.8710249364376068 ,0.5909090909090909  ,0.5341888666152954  ,0.764672040939331  ,0.7142857142857143  ,0.6775245070457458  ,0.953249454498291   ,0.7619047619047619
1.6222643852233887 ,1.6142980456352234 ,0.3181818181818182  ,1.0950310230255127 ,0.8683848977088928 ,0.5909090909090909  ,1.0329211950302124  ,0.9012493193149567 ,0.6363636363636364  ,0.6370012164115906  ,0.6455832123756409 ,0.6666666666666666  ,0.3124641478061676  ,0.9895046055316925  ,0.7619047619047619
1.6827788352966309 ,1.5110300183296204 ,0.36363636363636365 ,0.8316535949707031 ,0.8396342992782593 ,0.6363636363636364  ,0.46369054913520813 ,0.7606530040502548 ,0.7272727272727273  ,0.4519693851470947  ,0.6547269821166992 ,0.7142857142857143  ,0.6046385169029236  ,1.0941073298454285  ,0.7619047619047619
1.8442730903625488 ,1.573673963546753  ,0.36363636363636365 ,1.345244288444519  ,0.8961629569530487 ,0.6363636363636364  ,0.7736675143241882  ,0.9815780222415924 ,0.6818181818181818  ,0.6190481185913086  ,0.5907040387392044 ,0.7142857142857143  ,0.41104745864868164 ,0.6318072080612183  ,0.7619047619047619
1.5328105688095093 ,1.5579399466514587 ,0.36363636363636365 ,1.074827790260315  ,0.8667778074741364 ,0.6363636363636364  ,0.7950464487075806  ,0.9895237982273102 ,0.6818181818181818  ,0.4265819787979126  ,0.7469562590122223 ,0.7142857142857143  ,0.1378130316734314  ,0.8283283412456512  ,0.7619047619047619
1.635878324508667  ,1.5921570658683777 ,0.36363636363636365 ,0.8892302513122559 ,0.9707845151424408 ,0.6818181818181818  ,0.9570654034614563  ,0.9669767022132874 ,0.6363636363636364  ,0.6141228675842285  ,0.7902890145778656 ,0.6666666666666666  ,0.5411214232444763  ,0.5248743705451488  ,0.7619047619047619
1.541455626487732  ,1.583027184009552  ,0.36363636363636365 ,1.080385446548462  ,0.9063625931739807 ,0.6363636363636364  ,0.6197389364242554  ,0.9629932343959808 ,0.6363636363636364  ,0.6879414916038513  ,0.726106584072113  ,0.6666666666666666  ,0.3641691207885742  ,0.5867980718612671  ,0.7619047619047619
1.5497944355010986 ,1.5798320770263672 ,0.36363636363636365 ,1.1182297468185425 ,0.8269273042678833 ,0.7727272727272727  ,0.813448965549469   ,0.8848259747028351 ,0.7272727272727273  ,0.4892342984676361  ,0.7791678607463837 ,0.6190476190476191  ,0.5675266981124878  ,0.6473623365163803  ,0.7619047619047619
1.6101740598678589 ,1.579450249671936  ,0.36363636363636365 ,1.1645160913467407 ,0.8632325530052185 ,0.7272727272727273  ,0.8025290369987488  ,0.9525023400783539 ,0.6363636363636364  ,0.7013810276985168  ,0.8152698576450348 ,0.6190476190476191  ,0.6823203563690186  ,0.6192464679479599  ,0.7619047619047619
1.6579465866088867 ,1.5964414477348328 ,0.36363636363636365 ,0.6508389711380005 ,1.2001502513885498 ,0.4090909090909091  ,0.6677681803703308  ,0.893239289522171  ,0.6363636363636364  ,0.5224665403366089  ,0.7637975215911865 ,0.5714285714285714  ,0.7688435316085815  ,0.5399366207420826  ,0.7619047619047619
1.4863919019699097 ,1.5802443623542786 ,0.36363636363636365 ,0.9272010326385498 ,1.039711594581604  ,0.3181818181818182  ,0.6052151322364807  ,0.8539827764034271 ,0.5909090909090909  ,0.9814502000808716  ,0.6229607909917831 ,0.6190476190476191  ,0.44839802384376526 ,0.9596340358257294  ,0.7619047619047619
1.4793330430984497 ,1.5214627385139465 ,0.36363636363636365 ,1.0903644561767578 ,0.9224850237369537 ,0.45454545454545453 ,0.8530579805374146  ,0.7485400885343552 ,0.5909090909090909  ,0.4573819041252136  ,0.7979087829589844 ,0.6190476190476191  ,0.48593446612358093 ,1.217937856912613   ,0.7142857142857143
1.5917587280273438 ,1.5076126456260681 ,0.36363636363636365 ,1.270865797996521  ,0.815831184387207  ,0.7727272727272727  ,0.8355982899665833  ,0.8537326157093048 ,0.5909090909090909  ,0.5358870029449463  ,0.6956507563591003 ,0.5714285714285714  ,0.39101019501686096 ,0.6270683258771896  ,0.7142857142857143
1.6237245798110962 ,1.5576313734054565 ,0.36363636363636365 ,1.085749626159668  ,0.7799778580665588 ,0.8181818181818182  ,0.6269226670265198  ,0.862637847661972  ,0.5909090909090909  ,0.43051743507385254 ,0.6636318564414978 ,0.5714285714285714  ,0.5425944328308105  ,0.5974577218294144  ,0.7142857142857143
1.4787777662277222 ,1.4309090971946716 ,0.36363636363636365 ,1.1195323467254639 ,0.9163622260093689 ,0.7272727272727273  ,0.9061211943626404  ,0.8365894854068756 ,0.5909090909090909  ,0.49231424927711487 ,0.6739469766616821 ,0.6190476190476191  ,0.7663640379905701  ,0.60558021068573    ,0.7619047619047619
1.4323033094406128 ,1.4655927419662476 ,0.4090909090909091  ,0.959648609161377  ,0.8607377111911774 ,0.5454545454545454  ,1.1683701276779175  ,0.9683305621147156 ,0.5909090909090909  ,0.42161473631858826 ,0.7384758591651917 ,0.6666666666666666  ,0.1705314964056015  ,0.8690522313117981  ,0.7619047619047619
1.4323394298553467 ,1.478013515472412  ,0.4090909090909091  ,1.0883820056915283 ,0.8548458516597748 ,0.7727272727272727  ,0.7957700490951538  ,0.760835587978363  ,0.5909090909090909  ,0.5018425583839417  ,0.5937337279319763 ,0.6666666666666666  ,0.41692087054252625 ,0.6400582492351532  ,0.7619047619047619
1.4371061325073242 ,1.4648598432540894 ,0.4090909090909091  ,0.9727040529251099 ,0.9083235859870911 ,0.8636363636363636  ,0.6035882830619812  ,0.917079359292984  ,0.5909090909090909  ,0.5668094158172607  ,0.6737525761127472 ,0.7142857142857143  ,0.2674403488636017  ,0.6479864418506622  ,0.7619047619047619
1.388620376586914  ,1.4571799039840698 ,0.4090909090909091  ,1.0600754022598267 ,0.7680380642414093 ,0.8636363636363636  ,0.6158146858215332  ,0.9376680552959442 ,0.5909090909090909  ,0.6883348226547241  ,0.6279848515987396 ,0.7142857142857143  ,0.4304317533969879  ,0.8663150072097778  ,0.7619047619047619
1.6158897876739502 ,1.4504080414772034 ,0.36363636363636365 ,1.0054996013641357 ,0.9771626889705658 ,0.7272727272727273  ,0.8939927816390991  ,0.9889980554580688 ,0.6818181818181818  ,0.43263742327690125 ,0.6324913203716278 ,0.7619047619047619  ,0.5709412693977356  ,0.9681712985038757  ,0.7619047619047619
1.5252090692520142 ,1.5099208354949951 ,0.4090909090909091  ,1.10829496383667   ,1.0104020535945892 ,0.7272727272727273  ,0.8616492748260498  ,0.9664128124713898 ,0.6363636363636364  ,0.7402428388595581  ,0.6444955170154572 ,0.7142857142857143  ,0.8181318044662476  ,0.8358331024646759  ,0.7619047619047619
1.6238967180252075 ,1.5014349818229675 ,0.45454545454545453 ,1.1207754611968994 ,0.9215431809425354 ,0.7272727272727273  ,1.096047043800354   ,0.9444814324378967 ,0.6363636363636364  ,0.3945031762123108  ,0.6200095415115356 ,0.6666666666666666  ,0.7383721470832825  ,0.6726424694061279  ,0.7619047619047619
1.4899486303329468 ,1.3217580318450928 ,0.4090909090909091  ,0.9933691024780273 ,0.9451383650302887 ,0.8636363636363636  ,1.0101943016052246  ,0.8312294781208038 ,0.6818181818181818  ,0.758175253868103   ,0.6112971007823944 ,0.7619047619047619  ,0.4906564950942993  ,1.0350694954395294  ,0.7142857142857143
1.479434847831726  ,1.4535657167434692 ,0.4090909090909091  ,1.1750941276550293 ,0.8927750289440155 ,0.8636363636363636  ,0.9185457229614258  ,0.9420522153377533 ,0.6818181818181818  ,0.5419967770576477  ,0.6148258596658707 ,0.6190476190476191  ,0.3851930499076843  ,0.7309574037790298  ,0.6666666666666666
1.4355545043945312 ,1.362397313117981  ,0.4090909090909091  ,0.7629408240318298 ,0.7642471790313721 ,0.8636363636363636  ,0.6378012299537659  ,0.9466818869113922 ,0.6818181818181818  ,0.641197681427002   ,0.621426984667778  ,0.6666666666666666  ,0.7106211185455322  ,1.066181480884552   ,0.6666666666666666
1.4991405010223389 ,1.4720654487609863 ,0.4090909090909091  ,0.9703074097633362 ,0.8389641344547272 ,0.8181818181818182  ,0.7472535371780396  ,0.8910393714904785 ,0.6818181818181818  ,0.5835421681404114  ,0.6047013103961945 ,0.7619047619047619  ,0.7088172435760498  ,1.3541837632656097  ,0.6666666666666666
1.269139289855957  ,1.4214356541633606 ,0.36363636363636365 ,1.0754170417785645 ,0.8204818367958069 ,0.8181818181818182  ,0.8173404335975647  ,0.9138017892837524 ,0.6818181818181818  ,0.4156551957130432  ,0.6672458350658417 ,0.6666666666666666  ,0.8796632289886475  ,0.667091503739357   ,0.7142857142857143
1.468359351158142  ,1.4845341444015503 ,0.3181818181818182  ,1.0976486206054688 ,0.7868807911872864 ,0.9545454545454546  ,0.6592060327529907  ,1.0030237436294556 ,0.6363636363636364  ,0.3809591829776764  ,0.6600626111030579 ,0.7142857142857143  ,0.8318783044815063  ,0.9671384990215302  ,0.7142857142857143
1.5451544523239136 ,1.3332310914993286 ,0.3181818181818182  ,0.7724606990814209 ,0.8630411028862    ,0.9090909090909091  ,0.6321071982383728  ,0.9749595820903778 ,0.6363636363636364  ,0.47322240471839905 ,0.6891020834445953 ,0.7619047619047619  ,0.37531718611717224 ,0.5762118548154831  ,0.7619047619047619
1.473940134048462  ,1.3852717876434326 ,0.36363636363636365 ,1.0767836570739746 ,0.8917072415351868 ,0.8181818181818182  ,1.1403638124465942  ,1.1334020495414734 ,0.6363636363636364  ,0.4791985750198364  ,0.5913811475038528 ,0.7619047619047619  ,0.8003051280975342  ,0.6855090856552124  ,0.7619047619047619
1.344358205795288  ,1.4478682279586792 ,0.4090909090909091  ,1.2877172231674194 ,0.8444232046604156 ,0.8181818181818182  ,0.8868489265441895  ,1.0196682512760162 ,0.5909090909090909  ,0.5679864287376404  ,0.6513396799564362 ,0.7619047619047619  ,0.2382754385471344  ,0.8165721297264099  ,0.7142857142857143
1.2305103540420532 ,1.2201279997825623 ,0.45454545454545453 ,0.9018693566322327 ,0.8255855143070221 ,0.8181818181818182  ,0.4606233537197113  ,1.0433874726295471 ,0.6818181818181818  ,0.5048670768737793  ,0.6723796129226685 ,0.7619047619047619  ,1.4284213781356812  ,0.9578224718570709  ,0.7619047619047619
1.385258436203003  ,1.4322801232337952 ,0.4090909090909091  ,0.9155145287513733 ,0.9288779497146606 ,0.8181818181818182  ,0.8703056573867798  ,0.8247933387756348 ,0.6363636363636364  ,0.5444269776344299  ,0.6279714107513428 ,0.7619047619047619  ,0.6181150078773499  ,0.7236031293869019  ,0.7619047619047619
1.4653820991516113 ,1.3451579213142395 ,0.45454545454545453 ,1.0252853631973267 ,0.8113443851470947 ,0.8636363636363636  ,1.0165327787399292  ,0.8459284901618958 ,0.6818181818181818  ,1.128792405128479   ,0.5754018723964691 ,0.6666666666666666  ,0.6257453560829163  ,0.6140561699867249  ,0.7619047619047619
1.4530667066574097 ,1.3657677173614502 ,0.45454545454545453 ,1.212591290473938  ,0.9288172125816345 ,0.6818181818181818  ,0.7975907921791077  ,0.9479627311229706 ,0.5909090909090909  ,0.7676669359207153  ,0.8118789792060852 ,0.6190476190476191  ,0.7438806295394897  ,0.6126417815685272  ,0.7619047619047619
1.4260321855545044 ,1.4016441702842712 ,0.4090909090909091  ,1.2502179145812988 ,0.7061512917280197 ,0.6818181818181818  ,1.0020980834960938  ,1.043524295091629  ,0.5909090909090909  ,0.5104966163635254  ,0.7273373901844025 ,0.6666666666666666  ,0.6139475703239441  ,0.946956068277359   ,0.6190476190476191
1.2263977527618408 ,1.4186902046203613 ,0.45454545454545453 ,1.087510585784912  ,0.8280501067638397 ,0.7272727272727273  ,0.8247612714767456  ,0.9468798637390137 ,0.5909090909090909  ,0.6588834524154663  ,0.9692464470863342 ,0.5714285714285714  ,0.4293298125267029  ,0.9129815399646759  ,0.5238095238095238
1.3880645036697388 ,1.3739100098609924 ,0.4090909090909091  ,0.8168072700500488 ,0.8130187094211578 ,0.6363636363636364  ,0.5788761973381042  ,0.8951211869716644 ,0.5909090909090909  ,0.33074653148651123 ,0.6496619582176208 ,0.6190476190476191  ,1.4135682582855225  ,1.223567545413971   ,0.6190476190476191
1.2902746200561523 ,1.248318612575531  ,0.4090909090909091  ,0.9482842683792114 ,0.7922121286392212 ,0.6363636363636364  ,0.8876418471336365  ,0.9684920907020569 ,0.6363636363636364  ,0.36485761404037476 ,0.9454613626003265 ,0.6666666666666666  ,0.5372844934463501  ,1.1249337494373322  ,0.6666666666666666
1.371376395225525  ,1.329313576221466  ,0.45454545454545453 ,0.5081483721733093 ,0.8189776837825775 ,0.5909090909090909  ,0.4990852177143097  ,0.9625232219696045 ,0.5909090909090909  ,1.5173108577728271  ,0.7219536304473877 ,0.5714285714285714  ,0.6204141974449158  ,0.8674911260604858  ,0.7619047619047619
1.4950377941131592 ,1.3292112946510315 ,0.45454545454545453 ,0.8094667196273804 ,0.8746179044246674 ,0.5909090909090909  ,0.5086045265197754  ,0.9396330714225769 ,0.5909090909090909  ,0.6111527681350708  ,0.6360027194023132 ,0.7142857142857143  ,0.5007222890853882  ,0.7274994552135468  ,0.7142857142857143
1.2430808544158936 ,1.3892760872840881 ,0.4090909090909091  ,1.0557302236557007 ,0.8945623934268951 ,0.5                 ,0.7955648899078369  ,0.9332900047302246 ,0.6363636363636364  ,0.4602651000022888  ,0.8582883477210999 ,0.7142857142857143  ,0.39338159561157227 ,0.5363932251930237  ,0.7619047619047619
1.3032610416412354 ,1.394591510295868  ,0.4090909090909091  ,1.1109304428100586 ,0.8246785998344421 ,0.6363636363636364  ,0.8597379922866821  ,0.883484423160553  ,0.6363636363636364  ,0.8773788809776306  ,1.0670919120311737 ,0.6666666666666666  ,0.6982592344284058  ,0.7250215709209442  ,0.7619047619047619
1.2686996459960938 ,1.2225481271743774 ,0.45454545454545453 ,0.936955451965332  ,0.8639446496963501 ,0.8181818181818182  ,0.8168757557868958  ,0.9757681488990784 ,0.6363636363636364  ,0.7760408520698547  ,0.7731509804725647 ,0.7619047619047619  ,0.6182514429092407  ,0.566407660022378   ,0.7619047619047619
1.346226453781128  ,1.358095109462738  ,0.5                 ,1.090403437614441  ,0.766175389289856  ,0.8636363636363636  ,0.7413825392723083  ,0.7263528406620026 ,0.6818181818181818  ,0.4333963692188263  ,0.6711722612380981 ,0.7142857142857143  ,0.6907259821891785  ,1.079967737197876   ,0.7619047619047619
1.2678451538085938 ,1.2689400911331177 ,0.45454545454545453 ,1.2953920364379883 ,0.8157809972763062 ,0.8181818181818182  ,0.8032745718955994  ,0.8482002317905426 ,0.6818181818181818  ,0.5575071573257446  ,0.5911087393760681 ,0.6666666666666666  ,0.4213332533836365  ,0.6878622472286224  ,0.7142857142857143
1.2437489032745361 ,1.323989748954773  ,0.5                 ,0.8476903438568115 ,0.8324213624000549 ,0.6818181818181818  ,0.7475478053092957  ,0.816982090473175  ,0.7272727272727273  ,0.26838937401771545 ,0.6895470321178436 ,0.5714285714285714  ,0.5254935026168823  ,0.6787590980529785  ,0.7619047619047619
1.2731540203094482 ,1.205893099308014  ,0.36363636363636365 ,1.1499520540237427 ,0.8083354830741882 ,0.7727272727272727  ,0.835753858089447   ,0.7710156440734863 ,0.6818181818181818  ,0.6969244480133057  ,0.6325930655002594 ,0.5714285714285714  ,0.507335364818573   ,1.0425830483436584  ,0.7619047619047619
1.1083498001098633 ,1.3253220915794373 ,0.36363636363636365 ,1.1160399913787842 ,0.763311892747879  ,0.8636363636363636  ,0.7339162230491638  ,0.7932446897029877 ,0.6818181818181818  ,0.7642055153846741  ,0.7624839842319489 ,0.5714285714285714  ,0.31943193078041077 ,0.9677318632602692  ,0.6666666666666666
1.4842257499694824 ,1.2803495526313782 ,0.4090909090909091  ,0.8473352789878845 ,0.8498000204563141 ,0.6818181818181818  ,0.7939721941947937  ,0.8916652500629425 ,0.6363636363636364  ,0.4762347340583801  ,0.5903507322072983 ,0.5714285714285714  ,0.6228832006454468  ,0.6806593686342239  ,0.6666666666666666
1.474012017250061  ,1.2015053629875183 ,0.5                 ,0.9128425717353821 ,0.9107857644557953 ,0.6363636363636364  ,0.8209186792373657  ,0.9883403182029724 ,0.6363636363636364  ,0.4842163026332855  ,0.6790759563446045 ,0.5714285714285714  ,0.6181153059005737  ,1.0455394387245178  ,0.6666666666666666
1.3160659074783325 ,1.335976779460907  ,0.4090909090909091  ,1.326837182044983  ,0.8971514701843262 ,0.8636363636363636  ,0.5586767792701721  ,0.8860532939434052 ,0.6363636363636364  ,0.8675756454467773  ,0.5382007658481598 ,0.5714285714285714  ,0.4305889308452606  ,0.5889954790472984  ,0.6666666666666666
1.2457304000854492 ,1.3439499139785767 ,0.36363636363636365 ,1.1066555976867676 ,0.8233748376369476 ,0.8181818181818182  ,1.0411604642868042  ,0.9315869510173798 ,0.5909090909090909  ,0.6490134000778198  ,0.8752555549144745 ,0.5714285714285714  ,0.20732498168945312 ,0.9074040949344635  ,0.7619047619047619
1.2617334127426147 ,1.2504181861877441 ,0.5                 ,1.0887887477874756 ,0.8027856945991516 ,0.8181818181818182  ,0.9226559400558472  ,0.8793753385543823 ,0.7272727272727273  ,0.766029953956604   ,0.7904624044895172 ,0.5714285714285714  ,0.5586013197898865  ,0.5774784684181213  ,0.7619047619047619
1.334960699081421  ,1.3261255025863647 ,0.4090909090909091  ,0.7668040990829468 ,0.9614693522453308 ,0.6818181818181818  ,0.5606326460838318  ,0.7922264635562897 ,0.6363636363636364  ,0.4503633379936218  ,0.7228473126888275 ,0.5714285714285714  ,0.5930111408233643  ,0.8965329825878143  ,0.7619047619047619
1.5499671697616577 ,1.2753994464874268 ,0.36363636363636365 ,1.0271599292755127 ,0.879160076379776  ,0.6818181818181818  ,0.9202442169189453  ,0.8341918289661407 ,0.6363636363636364  ,0.4182055592536926  ,0.6425999104976654 ,0.5714285714285714  ,0.562839150428772   ,0.6909341216087341  ,0.7619047619047619
0.9793368577957153 ,1.1273947060108185 ,0.4090909090909091  ,1.0396784543991089 ,0.7926393747329712 ,0.6363636363636364  ,0.5079978108406067  ,0.8975928425788879 ,0.7272727272727273  ,0.5965936779975891  ,0.5836772173643112 ,0.7142857142857143  ,0.5010392665863037  ,0.6654059439897537  ,0.7619047619047619
1.5167824029922485 ,1.2688235640525818 ,0.4090909090909091  ,0.6735091209411621 ,0.8684209585189819 ,0.7727272727272727  ,1.0746055841445923  ,0.8774193525314331 ,0.5909090909090909  ,0.30073899030685425 ,0.623408854007721  ,0.7142857142857143  ,0.7452850341796875  ,0.8637821674346924  ,0.7619047619047619
1.18940007686615   ,1.2664840817451477 ,0.4090909090909091  ,1.0837161540985107 ,0.8115679323673248 ,0.8181818181818182  ,1.0771318674087524  ,0.9901305139064789 ,0.6363636363636364  ,0.7221672534942627  ,0.6714187264442444 ,0.7142857142857143  ,0.4844490587711334  ,0.8773230612277985  ,0.7619047619047619
1.360152006149292  ,1.3903414011001587 ,0.4090909090909091  ,1.0203765630722046 ,1.0081818103790283 ,0.7727272727272727  ,0.6701641082763672  ,1.087934970855713  ,0.6363636363636364  ,0.6371477842330933  ,0.6719278395175934 ,0.7619047619047619  ,0.5352897047996521  ,0.695075660943985   ,0.7619047619047619
1.4142659902572632 ,1.3414027690887451 ,0.3181818181818182  ,1.0969135761260986 ,0.8440299034118652 ,0.7727272727272727  ,0.9507541656494141  ,0.9942171573638916 ,0.6363636363636364  ,0.2801099419593811  ,0.6575997471809387 ,0.7619047619047619  ,0.40386873483657837 ,0.8553850948810577  ,0.7619047619047619
1.3237048387527466 ,1.3011810183525085 ,0.4090909090909091  ,0.8776754140853882 ,0.7342589497566223 ,0.8181818181818182  ,0.8213890790939331  ,0.8573610186576843 ,0.6363636363636364  ,0.7299520969390869  ,0.5112847536802292 ,0.7619047619047619  ,0.391508549451828   ,0.633247047662735   ,0.7619047619047619
1.382615327835083  ,1.308557152748108  ,0.4090909090909091  ,1.0677918195724487 ,0.7675279974937439 ,0.7272727272727273  ,0.5743419528007507  ,0.8171643912792206 ,0.6363636363636364  ,0.6224765777587891  ,0.6862767934799194 ,0.6666666666666666  ,0.6619886159896851  ,0.8127364814281464  ,0.7619047619047619
0.9774367213249207 ,1.2401554584503174 ,0.36363636363636365 ,0.6312273144721985 ,0.8315632343292236 ,0.6818181818181818  ,0.3530733585357666  ,0.9221916794776917 ,0.6818181818181818  ,0.18887977302074432 ,0.6417534649372101 ,0.6666666666666666  ,0.5427019000053406  ,0.8626422584056854  ,0.7619047619047619
1.307369351387024  ,1.4079314470291138 ,0.3181818181818182  ,1.3303070068359375 ,0.7877676486968994 ,0.8181818181818182  ,0.779678225517273   ,0.8365854322910309 ,0.7727272727272727  ,0.47966015338897705 ,0.7011996507644653 ,0.6190476190476191  ,0.37671929597854614 ,0.7069153189659119  ,0.7619047619047619
1.2947722673416138 ,1.393429458141327  ,0.36363636363636365 ,0.8100689649581909 ,0.7276262044906616 ,0.8181818181818182  ,0.788566529750824   ,0.8905046582221985 ,0.7727272727272727  ,0.6657161712646484  ,0.7487215101718903 ,0.6190476190476191  ,0.4049853980541229  ,0.8035350143909454  ,0.6666666666666666
1.150174856185913  ,1.2425987720489502 ,0.3181818181818182  ,0.9298229813575745 ,0.7910441160202026 ,0.8181818181818182  ,0.936302661895752   ,0.8367755115032196 ,0.7727272727272727  ,0.43851837515830994 ,0.6076520681381226 ,0.7619047619047619  ,0.9207444190979004  ,0.6862737983465195  ,0.7619047619047619
1.3975551128387451 ,1.3295903205871582 ,0.5                 ,0.8600878119468689 ,0.6789561212062836 ,0.8181818181818182  ,0.6779369115829468  ,0.8127469718456268 ,0.7727272727272727  ,0.6866204142570496  ,0.6440752744674683 ,0.7619047619047619  ,0.37505024671554565 ,0.653227686882019   ,0.7619047619047619
1.2463520765304565 ,1.246675968170166  ,0.4090909090909091  ,1.039476990699768  ,0.8916831910610199 ,0.7727272727272727  ,0.5405256152153015  ,0.9597523510456085 ,0.6818181818181818  ,0.5120925307273865  ,0.7723066508769989 ,0.7619047619047619  ,0.6886098980903625  ,0.7787807285785675  ,0.7619047619047619
1.4548550844192505 ,1.381774365901947  ,0.36363636363636365 ,0.7243185639381409 ,0.8583333194255829 ,0.7272727272727273  ,0.9319613575935364  ,0.9146579504013062 ,0.6363636363636364  ,0.6414533257484436  ,0.6937030255794525 ,0.6666666666666666  ,0.42033466696739197 ,0.6381018310785294  ,0.7142857142857143
1.1006011962890625 ,1.3001142144203186 ,0.36363636363636365 ,0.871984601020813  ,0.8621192574501038 ,0.7272727272727273  ,0.6327617168426514  ,1.1520642042160034 ,0.6363636363636364  ,0.49241334199905396 ,0.6280987858772278 ,0.6190476190476191  ,0.5261544585227966  ,0.8796094954013824  ,0.7142857142857143
1.2207034826278687 ,1.253488540649414  ,0.4090909090909091  ,1.2750518321990967 ,0.7783410251140594 ,0.7272727272727273  ,0.7268840074539185  ,1.172770380973816  ,0.6363636363636364  ,0.7954221963882446  ,0.6948646903038025 ,0.5714285714285714  ,0.3992159962654114  ,1.0924079418182373  ,0.7619047619047619
1.313867449760437  ,1.2404194474220276 ,0.45454545454545453 ,0.7598463892936707 ,0.7784228026866913 ,0.7272727272727273  ,1.1125892400741577  ,0.8939566016197205 ,0.6363636363636364  ,0.4633961617946625  ,0.7677372694015503 ,0.5714285714285714  ,0.45690739154815674 ,0.8159996867179871  ,0.7619047619047619
1.1918185949325562 ,1.3444846868515015 ,0.3181818181818182  ,1.2010337114334106 ,0.8562206923961639 ,0.7727272727272727  ,0.6538380980491638  ,0.905293196439743  ,0.6363636363636364  ,0.6297804713249207  ,0.8713494539260864 ,0.7142857142857143  ,0.629909336566925   ,0.8951793909072876  ,0.7619047619047619
1.3380241394042969 ,1.3247177004814148 ,0.36363636363636365 ,0.9028275609016418 ,0.8196721374988556 ,0.8181818181818182  ,0.7839263677597046  ,0.7619943916797638 ,0.7272727272727273  ,0.5294482707977295  ,0.6304127871990204 ,0.6190476190476191  ,0.25000354647636414 ,0.9734411239624023  ,0.7619047619047619
1.6320148706436157 ,1.2240219116210938 ,0.3181818181818182  ,0.5929715633392334 ,0.8053002059459686 ,0.8181818181818182  ,0.7535155415534973  ,0.8077749609947205 ,0.6818181818181818  ,0.19479012489318848 ,0.6447951197624207 ,0.6190476190476191  ,0.7488061189651489  ,0.5559949949383736  ,0.7619047619047619
