train_loss_1,val_loss_1,val_acc_1,train_loss_2,val_loss_2,val_acc_2,train_loss_3,val_loss_3,val_acc_3
2.664538860321045,2.6157663549695696,0.061855670103092786,2.6764743328094482,2.6478055204663957,0.061855670103092786,2.6571569442749023,2.6467293671199252,0.061855670103092786
2.645460367202759,2.60630920955113,0.1958762886597938,2.620689630508423,2.6307036876678467,0.061855670103092786,2.610365390777588,2.601658378328596,0.13402061855670103
2.584954023361206,2.5782748631068637,0.2268041237113402,2.5294158458709717,2.4539126328059604,0.29896907216494845,2.4875521659851074,2.3561134338378906,0.2268041237113402
2.477686643600464,2.3379514387675693,0.31958762886597936,2.0792083740234375,2.02114006451198,0.30927835051546393,1.4285857677459717,1.9880656344549996,0.3402061855670103
1.8101096153259277,2.0179405212402344,0.38144329896907214,1.7167489528656006,1.761557902608599,0.4020618556701031,1.589636206626892,1.436630585363933,0.44329896907216493
1.916982650756836,1.8002090964998518,0.41237113402061853,1.7863988876342773,1.363523738724845,0.4948453608247423,1.38739013671875,1.4338469505310059,0.3917525773195876
1.6054174900054932,1.4031311018126351,0.38144329896907214,1.3333112001419067,1.2708291794572557,0.4742268041237113,1.4215278625488281,1.2570309809276037,0.5670103092783505
1.5611913204193115,1.4562118223735265,0.5567010309278351,1.143243432044983,1.2820807610239302,0.4639175257731959,1.7538505792617798,1.2902627331869942,0.5463917525773195
0.958324670791626,1.5744867495128088,0.5154639175257731,1.2751656770706177,1.3270655700138636,0.4845360824742268,1.2009273767471313,1.1321351443018233,0.5051546391752577
1.3541368246078491,1.4462718282427107,0.5051546391752577,1.4864494800567627,1.178470526422773,0.5051546391752577,1.287519097328186,1.36495155947549,0.6082474226804123
1.3112717866897583,1.295915995325361,0.5567010309278351,0.9621405005455017,1.1914086852754866,0.5051546391752577,1.0169564485549927,1.188784386430468,0.5876288659793815
1.5253710746765137,1.0739764741488866,0.5257731958762887,1.2267524003982544,1.161033536706652,0.5154639175257731,1.193484902381897,1.0121780123029436,0.6391752577319587
1.0049020051956177,1.0026581840855735,0.5670103092783505,1.45491361618042,1.2886527606419154,0.4845360824742268,0.9852361083030701,1.1608742305210658,0.6391752577319587
1.494307041168213,1.1293865271977015,0.5670103092783505,1.2573243379592896,1.0854497466768538,0.5051546391752577,1.192737340927124,0.9922031675066266,0.6288659793814433
0.9876683950424194,1.4128339290618896,0.6185567010309279,0.8554335832595825,1.4005694729941232,0.5360824742268041,0.9648846387863159,1.3244071006774902,0.6288659793814433
1.1731430292129517,1.0768391575132097,0.5567010309278351,1.4294373989105225,1.3916774647576469,0.5360824742268041,1.1397554874420166,1.0183208755084447,0.7010309278350515
0.9540726542472839,1.18074802841459,0.5876288659793815,1.2127106189727783,1.4453374743461609,0.5154639175257731,0.8790519833564758,0.8125573747924396,0.6597938144329897
1.0770987272262573,1.1940515637397766,0.5360824742268041,1.2905036211013794,1.183926786695208,0.5257731958762887,0.4630930423736572,0.9337242841720581,0.6597938144329897
1.0341814756393433,1.3165014897074019,0.5979381443298969,0.9473257064819336,1.1821574909346444,0.5670103092783505,0.9101430773735046,0.8481948290552411,0.7319587628865979
0.8762661218643188,0.9665666392848574,0.6185567010309279,0.7041292190551758,1.01457656281335,0.5463917525773195,0.9244451522827148,0.917440150465284,0.6391752577319587
0.8767870664596558,1.0167468701090132,0.6494845360824743,1.0385898351669312,1.1755029218537467,0.5567010309278351,0.8316875100135803,0.8842719197273254,0.7010309278350515
1.2256261110305786,1.0144104020936149,0.5876288659793815,0.7710118293762207,1.4052028911454337,0.6288659793814433,0.5958443284034729,1.0438495448657445,0.6701030927835051
1.19765043258667,0.8454213839889105,0.6288659793814433,0.941797137260437,1.4594818183353968,0.5670103092783505,0.6945351362228394,1.1289047002792358,0.7525773195876289
0.9141921997070312,0.9457132305417743,0.6804123711340206,1.2554041147232056,1.3052393623760767,0.6082474226804123,1.453864336013794,1.0555110914366586,0.6701030927835051
1.5208616256713867,1.1054494976997375,0.6391752577319587,1.141214370727539,1.109827765396663,0.5257731958762887,0.7871866226196289,0.8810706606933049,0.7525773195876289
0.9625650644302368,0.8491963163999442,0.6288659793814433,0.9874219298362732,1.036382598536355,0.5154639175257731,1.1405810117721558,1.0143744860376631,0.6907216494845361
1.0452852249145508,1.0015259299959456,0.6494845360824743,0.9643248915672302,0.9651508671896311,0.5773195876288659,0.9750155210494995,0.7882212570735386,0.7628865979381443
0.8210756182670593,0.9153083733149937,0.6494845360824743,0.9312745332717896,0.9714111004556928,0.5773195876288659,0.7133733034133911,0.9077679983207158,0.7010309278350515
1.2163207530975342,0.9540233356612069,0.6804123711340206,0.667529821395874,1.1627150986875807,0.6185567010309279,0.6528569459915161,0.8406517505645752,0.711340206185567
1.1240136623382568,0.8369831762143544,0.6288659793814433,1.6292755603790283,1.45819319997515,0.5567010309278351,0.7718676924705505,0.830836466380528,0.6597938144329897
1.202225923538208,0.8242886854069573,0.6391752577319587,0.8928782343864441,1.0463787146977015,0.6082474226804123,1.0852409601211548,0.8372563890048436,0.6701030927835051
0.7490020990371704,1.1778930170195443,0.6804123711340206,0.8943905830383301,1.2503877196993147,0.6597938144329897,0.9630779027938843,0.820950563464846,0.7422680412371134
0.735654354095459,0.812483406492642,0.6494845360824743,0.8205611705780029,0.9514647253922054,0.6082474226804123,1.5201685428619385,0.8646477546010699,0.7628865979381443
0.650836706161499,1.0132546595164709,0.6597938144329897,1.0451043844223022,1.4385620270456587,0.5463917525773195,0.8269021511077881,0.9144734953130994,0.7628865979381443
1.2445356845855713,1.0716005904333932,0.6597938144329897,1.1022570133209229,0.8967815695671432,0.6391752577319587,0.9692463874816895,0.854036237512316,0.6907216494845361
1.0782109498977661,0.9236795731953212,0.6701030927835051,0.8847242593765259,0.9155325974479638,0.6288659793814433,0.8390124440193176,0.6923823590789523,0.7628865979381443
1.0013413429260254,0.8429943919181824,0.6804123711340206,0.6591756343841553,1.3186521359852381,0.6391752577319587,0.6085421442985535,0.7713997832366398,0.7319587628865979
1.190323829650879,0.7822137517588479,0.6701030927835051,0.7880106568336487,0.9873978665896824,0.6288659793814433,1.0745165348052979,0.8665141591003963,0.7835051546391752
0.9492233395576477,0.894458362034389,0.6907216494845361,0.4389021098613739,1.1114334634372167,0.6082474226804123,0.828687310218811,0.6930786626679557,0.7731958762886598
0.8396816849708557,1.3565386874335152,0.6597938144329897,0.9931012988090515,0.8758979120424816,0.6701030927835051,0.3825860321521759,0.7909151230539594,0.7010309278350515
1.23012375831604,1.1749736836978368,0.6701030927835051,0.8404395580291748,0.9445827773639134,0.6494845360824743,0.6440384387969971,0.7835248032850879,0.7216494845360825
0.5250897407531738,1.3225261398724146,0.6494845360824743,0.7800849676132202,0.9597081542015076,0.6494845360824743,0.7192786335945129,0.8464369944163731,0.6907216494845361
0.6269575357437134,0.8257009131567818,0.6907216494845361,1.1343566179275513,1.2829670480319433,0.6288659793814433,0.7807177305221558,0.6932927008186068,0.7525773195876289
0.45320916175842285,0.7800451048782894,0.7010309278350515,0.6551681756973267,0.969673786844526,0.6804123711340206,0.8198187351226807,1.1555241559232985,0.7628865979381443
0.8924457430839539,0.8039074880736214,0.6907216494845361,1.037243127822876,0.9485566530908857,0.6494845360824743,0.8724046349525452,0.6806822357965367,0.7422680412371134
1.0160773992538452,0.8531943708658218,0.6907216494845361,0.7454280853271484,0.9099160007068089,0.6494845360824743,0.651124119758606,0.8857455509049552,0.7525773195876289
0.7103695273399353,1.3085016778537206,0.6804123711340206,0.9853193163871765,0.9162673652172089,0.6597938144329897,1.0476373434066772,0.6704967468976974,0.7525773195876289
1.368499517440796,0.898527204990387,0.7010309278350515,0.9480031132698059,1.1082220418112618,0.6494845360824743,1.0258880853652954,0.9490719522748675,0.7422680412371134
0.7953524589538574,0.8444585289273944,0.6701030927835051,0.5417177677154541,0.8491984265191215,0.6597938144329897,0.7271854877471924,0.7291377229349953,0.7731958762886598
0.8020846843719482,0.789535403251648,0.711340206185567,1.0581507682800293,0.8514882922151757,0.6494845360824743,1.2581348419189453,0.7220304523195539,0.7422680412371134
0.745322585105896,0.9255619730268206,0.7010309278350515,0.63596111536026,1.1568038378443037,0.6391752577319587,0.9297992587089539,0.989914915391377,0.7319587628865979
0.8152311444282532,0.7412645795515606,0.711340206185567,0.8766170144081116,0.7980110985697267,0.6494845360824743,0.5219913125038147,0.7253184446266719,0.7525773195876289
0.8358173370361328,0.7305520517485482,0.7010309278350515,0.1558527797460556,1.124716809817723,0.6597938144329897,0.675555944442749,1.0023911850793021,0.7319587628865979
0.7847742438316345,0.973022963319506,0.7010309278350515,0.7524572610855103,0.9380771432604108,0.6701030927835051,0.5521391034126282,0.9004076548985073,0.7525773195876289
0.4075676500797272,0.7454861700534821,0.7010309278350515,0.9765810966491699,0.9002208709716797,0.6494845360824743,0.3990994691848755,0.6624672806688717,0.7525773195876289
0.7232654094696045,0.8272625463349479,0.6907216494845361,1.0628979206085205,0.878040154597589,0.6288659793814433,0.8788606524467468,0.6358539760112762,0.7525773195876289
0.4277721345424652,0.7300772454057421,0.6907216494845361,0.7314505577087402,1.1377488715308053,0.6701030927835051,0.8004328608512878,0.5993609767704454,0.7628865979381443
0.9157438278198242,0.7488092907837459,0.6907216494845361,1.4341034889221191,0.7926376781293324,0.6804123711340206,0.6709103584289551,0.7255426560129438,0.8041237113402062
0.9823884963989258,0.7506039610930851,0.6907216494845361,0.5138806104660034,1.3941712805203028,0.6907216494845361,0.759443461894989,0.6181454647864614,0.7628865979381443
0.5733031034469604,0.7426357780184064,0.7216494845360825,0.9821978807449341,0.8965819138351695,0.6597938144329897,0.8654820322990417,0.7643069284302848,0.7628865979381443
0.808695912361145,0.6931905598861964,0.7010309278350515,0.46796852350234985,0.8095754470144,0.6804123711340206,0.4007679224014282,0.7412022437368121,0.7525773195876289
0.818975567817688,0.7887750267982483,0.7010309278350515,0.8138048648834229,0.8833677811282021,0.6701030927835051,1.0096925497055054,0.6364048022993042,0.7319587628865979
1.1922733783721924,0.6793622619339398,0.7216494845360825,0.7342356443405151,0.8806019169943673,0.6701030927835051,0.9535844326019287,0.7044021444661277,0.7731958762886598
0.9818593859672546,0.9200547209807804,0.7216494845360825,1.1011582612991333,0.8207911806447166,0.6907216494845361,0.8343341946601868,0.6247242593339511,0.7525773195876289
0.9402494430541992,0.6565872792686734,0.7010309278350515,0.9376747012138367,1.0451570834432329,0.6391752577319587,0.7958586812019348,1.193196958729199,0.7628865979381443
0.7949982285499573,1.0107585191726685,0.7422680412371134,0.9657895565032959,1.292623562472207,0.6185567010309279,0.6760901212692261,0.7995707648141044,0.7731958762886598
0.7516701221466064,0.7045289639915738,0.7216494845360825,1.1609307527542114,0.7868654472487313,0.6804123711340206,0.9194787740707397,0.580094898184013,0.7938144329896907
0.6776247024536133,0.9705599290984017,0.7010309278350515,0.6405346989631653,1.1287610616002763,0.6907216494845361,0.7405821681022644,0.5571176254348497,0.7938144329896907
0.9600085616111755,1.2234491620744978,0.7422680412371134,0.598313570022583,0.7815921724374805,0.711340206185567,0.6584956049919128,0.6060391824160304,0.7422680412371134
0.4478705823421478,0.6747731050251916,0.7216494845360825,0.9611075520515442,1.3126702734402247,0.6391752577319587,0.6995707750320435,0.5999264860126589,0.7525773195876289
0.4721309244632721,0.8530769262995038,0.6907216494845361,0.9107186794281006,0.8161964969975608,0.711340206185567,0.34372660517692566,0.6211743422650865,0.7628865979381443
0.41297200322151184,0.6372312605381012,0.7010309278350515,0.7832839488983154,1.2192626340048653,0.6701030927835051,0.7223199009895325,0.6290862773145948,0.7938144329896907
0.8646609783172607,0.8586988321372441,0.7216494845360825,0.46921154856681824,0.8504228421618661,0.711340206185567,0.5612435340881348,0.6430379532809768,0.7938144329896907
0.8421728014945984,0.6470391441668782,0.7319587628865979,0.7713000774383545,1.527582083429609,0.6597938144329897,0.7612453103065491,0.5976655014923641,0.7731958762886598
0.5177873373031616,1.1980227061680384,0.7319587628865979,0.8374900221824646,0.7947457262447902,0.711340206185567,0.4065392017364502,0.6464138541902814,0.7731958762886598
0.5031707882881165,0.6286336364490646,0.7525773195876289,0.6597219109535217,0.993465781211853,0.6391752577319587,0.47898343205451965,0.6645878681114742,0.7216494845360825
1.1293902397155762,0.974222046988351,0.711340206185567,0.5479944348335266,0.8487801040921893,0.7010309278350515,0.5444889664649963,0.591911891741412,0.7835051546391752
1.0521202087402344,0.6182213665451854,0.7628865979381443,0.3456638753414154,0.7635430353028434,0.7216494845360825,0.3785161077976227,0.6434752398303577,0.7319587628865979
1.2642617225646973,0.626405285970707,0.7422680412371134,0.923292338848114,0.8505853989294597,0.7010309278350515,0.6798989176750183,0.6119119056633541,0.7731958762886598
0.3300195634365082,0.7100229348455157,0.7319587628865979,1.0534271001815796,0.8639164566993713,0.711340206185567,0.3960229456424713,0.6102152072957584,0.7628865979381443
0.5880476832389832,0.8475979864597321,0.6701030927835051,0.49301376938819885,0.8304529104913984,0.6701030927835051,0.5469123721122742,0.6632018429892403,0.7938144329896907
0.384511262178421,0.696756090436663,0.7216494845360825,0.9535149931907654,0.8917378655501774,0.6907216494845361,0.8275469541549683,0.5663877938474927,0.7731958762886598
0.6957449913024902,0.7811473991189685,0.711340206185567,0.47459521889686584,0.8463851043156215,0.7010309278350515,0.5857459902763367,0.586875638791493,0.7422680412371134
0.48931190371513367,0.7342981057507652,0.7628865979381443,1.0069763660430908,0.7762828469273505,0.7216494845360825,0.601148784160614,0.617061308416461,0.7938144329896907
0.7927007079124451,0.6300068694565978,0.7525773195876289,0.8266804814338684,0.851817541888782,0.6701030927835051,0.6940821409225464,0.6262191832065501,0.7525773195876289
0.48646119236946106,0.6247256121465138,0.7319587628865979,0.5914703607559204,0.7801277456539017,0.6907216494845361,0.7760570049285889,0.7053770976407188,0.7628865979381443
0.5847256779670715,0.7749172619410923,0.7422680412371134,0.4760533571243286,0.9062542830194745,0.6907216494845361,0.8440162539482117,0.5749361898217883,0.8041237113402062
0.7050201892852783,0.6742660254240036,0.7216494845360825,0.8331343531608582,0.8840568911816392,0.6597938144329897,0.6841974854469299,0.564222425222137,0.8144329896907216
0.44642919301986694,0.6839877558606011,0.7422680412371134,0.5284121036529541,0.8624000804764884,0.6597938144329897,0.5558168888092041,0.5678703939276082,0.7835051546391752
0.3889229893684387,0.7613785096577236,0.7216494845360825,0.5345656275749207,1.2758301837103707,0.6804123711340206,0.8101829886436462,0.6737784487860543,0.7938144329896907
0.7378334999084473,0.7195754902703422,0.7525773195876289,0.43028029799461365,0.718393120681867,0.7525773195876289,0.9202631115913391,0.6700842710477966,0.7319587628865979
0.9350229501724243,0.6045886536261865,0.7628865979381443,0.25924041867256165,0.856895021029881,0.6701030927835051,0.4312765896320343,0.5699732129994247,0.7525773195876289
0.8234654664993286,0.5632735340456877,0.7525773195876289,0.5879887342453003,0.8080495127609798,0.7216494845360825,0.6193453073501587,0.6723254195281437,0.8144329896907216
1.0542492866516113,0.7174736559391022,0.7319587628865979,0.7908701300621033,1.0685414586748396,0.6907216494845361,0.44445332884788513,0.5877724066376686,0.7319587628865979
0.3328235149383545,0.8747895104544503,0.7422680412371134,0.8234823942184448,0.7703398104224887,0.6804123711340206,1.1660455465316772,0.5447841797556185,0.7525773195876289
0.39374038577079773,0.7734329317297254,0.7319587628865979,1.185228705406189,0.7898522296122142,0.6907216494845361,1.0698949098587036,0.5545337173555579,0.7628865979381443
0.5491572022438049,0.8183688138212476,0.7422680412371134,0.3998819887638092,0.7722848494138036,0.7216494845360825,0.9379057884216309,0.5677574177555341,0.7525773195876289
0.5738611817359924,0.9240002291543143,0.7731958762886598,1.1752150058746338,0.7654761927468436,0.6804123711340206,0.4134957492351532,0.561154727424894,0.7628865979381443
0.577823281288147,0.6295752269881112,0.711340206185567,1.0829617977142334,0.8027585659708295,0.7216494845360825,0.3604053854942322,0.6496511442320687,0.7731958762886598
0.5992515683174133,0.6736308251108442,0.7525773195876289,0.5262209177017212,1.0960607954433985,0.7319587628865979,1.3791865110397339,0.5560788086482457,0.7938144329896907
0.6376456022262573,0.7983852922916412,0.7628865979381443,0.7204014658927917,0.9283879569598606,0.6701030927835051,0.7567026615142822,0.5160337150362986,0.7835051546391752
0.4992006719112396,0.8707095767770495,0.7628865979381443,0.29692816734313965,0.8794084446770805,0.6701030927835051,0.3465234935283661,0.5567613148263523,0.7938144329896907
0.5075408220291138,0.7208972871303558,0.7731958762886598,0.51992267370224,0.8118077516555786,0.7010309278350515,0.5211230516433716,0.5051925890147686,0.7938144329896907
0.38009417057037354,0.5815350923988133,0.7525773195876289,0.48255977034568787,0.9125062525272369,0.6494845360824743,0.3365534842014313,0.5349396807806832,0.7628865979381443
0.8761284351348877,0.5613746754825115,0.7525773195876289,0.9294390678405762,1.1894425068582808,0.6597938144329897,0.5456125736236572,0.5502654888800212,0.7835051546391752
0.7141572833061218,0.5935450281415667,0.7628865979381443,0.6747389435768127,0.9436494622911725,0.6701030927835051,0.41366374492645264,0.5345538077609879,0.7731958762886598
0.39600399136543274,0.6364095764500755,0.7319587628865979,0.6486918926239014,1.0181148563112532,0.7216494845360825,0.7684957385063171,0.5192618646792003,0.7938144329896907
0.8039860129356384,0.8158346031393323,0.7731958762886598,0.9183470010757446,0.7699321167809623,0.711340206185567,0.5648664832115173,0.7835764586925507,0.7525773195876289
0.5456113815307617,0.6534459463187626,0.7319587628865979,0.40761780738830566,0.8256755811827523,0.7010309278350515,0.4409359097480774,0.5363353073480539,0.7938144329896907
0.5763339996337891,0.6483990975788662,0.7835051546391752,0.5729670524597168,0.9534262801919665,0.6907216494845361,0.41057533025741577,0.5068968167262418,0.7525773195876289
0.3712939918041229,0.7889884838036129,0.7422680412371134,0.7062053084373474,0.9005096554756165,0.711340206185567,0.46525126695632935,0.590751269033977,0.7938144329896907
0.7954410314559937,0.5988785353090081,0.7422680412371134,1.5910897254943848,1.1997761854103632,0.7525773195876289,0.28392893075942993,0.6290509062153953,0.7525773195876289
0.3899767994880676,0.7102802864142826,0.7628865979381443,0.3784807324409485,0.7309377752244473,0.7216494845360825,0.5202596187591553,0.5542969501444271,0.7938144329896907
1.0321463346481323,0.6481837800570897,0.7628865979381443,0.27105557918548584,0.7868183468069349,0.7216494845360825,0.41031643748283386,0.5955424734524318,0.7731958762886598
1.0486645698547363,0.7153735203402383,0.7731958762886598,1.042789101600647,0.7086472491334591,0.7525773195876289,0.5599836707115173,0.601347165448325,0.7731958762886598
0.6819844245910645,0.5326928630072091,0.7731958762886598,0.2655296325683594,0.8071865950311933,0.6804123711340206,0.33189651370048523,0.508602927838053,0.7938144329896907
0.5009377002716064,0.6228983189378466,0.7525773195876289,0.31256741285324097,0.801153224493776,0.711340206185567,0.6148844361305237,0.5096978502614158,0.7835051546391752
0.6541916728019714,0.5709789150527546,0.7731958762886598,0.79149329662323,0.7147106413862535,0.7010309278350515,0.27642062306404114,0.5738634813044753,0.7731958762886598
0.5438454151153564,0.874361480985369,0.7628865979381443,0.6491343975067139,0.8105274182079094,0.6597938144329897,0.795549750328064,0.5483346517596926,0.7731958762886598
0.4686931073665619,0.6895669443266732,0.7216494845360825,0.5944514870643616,1.0387870243617467,0.7010309278350515,0.6280277371406555,0.5768546227897916,0.7525773195876289
0.5904901027679443,0.7338420833860125,0.7731958762886598,0.6858713030815125,0.7139519705898627,0.711340206185567,0.6290038228034973,0.5432701132127217,0.7628865979381443
0.5455294251441956,0.6147758681160796,0.7010309278350515,0.5286851525306702,0.7447047914777484,0.711340206185567,0.4565359652042389,0.5432013613837106,0.8247422680412371
0.652846097946167,0.4842534363269806,0.8041237113402062,0.710210919380188,0.7882778814860752,0.7319587628865979,0.6096100807189941,0.5581316351890564,0.8144329896907216
0.3456466794013977,0.8324862143823079,0.7628865979381443,0.8661229610443115,0.7953405507973181,0.7010309278350515,0.8183754086494446,0.5682741275855473,0.7731958762886598
0.3784770369529724,0.8006768013749804,0.7835051546391752,0.6114906668663025,0.7769174362931933,0.6907216494845361,0.41735947132110596,0.47826160384075983,0.8144329896907216
0.32148224115371704,0.523743599653244,0.7835051546391752,0.3930528461933136,0.7787575530154365,0.711340206185567,0.3874421715736389,0.6348007853542056,0.7731958762886598
0.7246935963630676,0.5420391644743826,0.7628865979381443,0.6013270616531372,0.7409527041018009,0.7422680412371134,0.6806290745735168,0.5836074352264404,0.7938144329896907
0.49734771251678467,0.5803162647145135,0.7525773195876289,0.38001590967178345,0.763614799295153,0.7216494845360825,0.45395612716674805,0.6090096959045955,0.7938144329896907
0.3863700032234192,0.595040010820542,0.7525773195876289,0.47717469930648804,0.7903558995042529,0.7010309278350515,0.26555314660072327,0.5012779533863068,0.7938144329896907
0.25801679491996765,0.6002413715635028,0.7731958762886598,0.6181297898292542,0.7678963031087603,0.7422680412371134,0.7188288569450378,0.5125763841954593,0.7835051546391752
0.8226948380470276,0.5884049441894084,0.7319587628865979,0.44888418912887573,0.8122037989752633,0.7319587628865979,0.1908968985080719,0.6127026698419026,0.8144329896907216
0.41089868545532227,0.4825575922347655,0.7835051546391752,0.5839856266975403,0.903170508997781,0.7422680412371134,0.3481996953487396,0.48943252215498695,0.7731958762886598
0.6286658048629761,0.5878943204879761,0.7731958762886598,0.8483078479766846,0.7818909968648639,0.7319587628865979,0.6412739157676697,0.510251056935106,0.7835051546391752
0.565241813659668,0.5717977409783218,0.7525773195876289,0.8645904064178467,0.7097576750176293,0.7525773195876289,0.688869059085846,0.5208649560809135,0.7628865979381443
0.36663585901260376,0.6377961891038078,0.7731958762886598,0.6254398226737976,0.6718466329787459,0.7628865979381443,0.5966693758964539,0.5104381955586307,0.7835051546391752
0.6031659245491028,0.6862908559186118,0.7422680412371134,0.23096877336502075,0.7484854363969394,0.7216494845360825,0.7302101850509644,0.4923003547425781,0.7835051546391752
0.8038245439529419,0.6135452176843371,0.7525773195876289,0.6425748467445374,0.798873462847301,0.7216494845360825,0.4123624563217163,0.4821225308946201,0.7938144329896907
0.5252659916877747,0.7357309460639954,0.7525773195876289,0.92806476354599,0.9992212908608573,0.7216494845360825,0.12894469499588013,0.5478987906660352,0.7938144329896907
0.29215922951698303,0.5539885913437631,0.7835051546391752,0.258524626493454,0.7324316629341671,0.7525773195876289,0.23214557766914368,0.5016612453120095,0.7938144329896907
0.8250296115875244,0.5649934219462531,0.7628865979381443,0.36428147554397583,0.6900359223197613,0.7422680412371134,0.38909482955932617,0.5280032413346427,0.7835051546391752
0.27473515272140503,0.5080454019189347,0.7731958762886598,0.6437606811523438,0.7067799866199493,0.7628865979381443,0.5387892723083496,0.5254341049918106,0.7835051546391752
0.4287472069263458,0.5944801270961761,0.7835051546391752,0.4076586961746216,0.9156887190682548,0.7010309278350515,0.5774141550064087,0.5472141674586705,0.7628865979381443
0.4856955409049988,0.5261371279401439,0.7835051546391752,0.7569693326950073,0.7215454032910722,0.7216494845360825,0.7945026755332947,0.47936973561133656,0.7835051546391752
0.5284417271614075,0.5518670486552375,0.7835051546391752,1.0105870962142944,0.6939901113510132,0.7319587628865979,0.579836368560791,0.5399891095502036,0.7938144329896907
0.6315472722053528,0.5492907930809972,0.7835051546391752,0.4158487915992737,0.6939430093126637,0.7525773195876289,0.7575814723968506,0.5018136969634465,0.7938144329896907
0.6394374370574951,0.5720352189881461,0.8144329896907216,0.36012667417526245,1.2006395672048842,0.6804123711340206,0.2982008159160614,0.4920608970735754,0.8041237113402062
0.6218454241752625,0.5043201350740024,0.7731958762886598,0.4174940884113312,0.8624732196331024,0.7216494845360825,0.6812422871589661,0.4629453972369707,0.8041237113402062
0.34148919582366943,0.5414867305329868,0.7525773195876289,0.6368209719657898,0.8104328513145447,0.7422680412371134,0.41790980100631714,0.5239252958978925,0.7938144329896907
0.4090104401111603,0.56917718904359,0.7835051546391752,0.35039639472961426,0.7587863632260061,0.7422680412371134,0.6580318212509155,0.44619258416267776,0.8041237113402062
0.8548448085784912,0.5468600732939584,0.7525773195876289,0.5731733441352844,0.7086902963263648,0.7422680412371134,0.49216532707214355,0.4912331106939486,0.7938144329896907
0.2600686252117157,0.5254982433148793,0.7938144329896907,0.8110764026641846,0.7325159580047641,0.7628865979381443,0.6500911712646484,0.7290341343198504,0.7938144329896907
0.6424020528793335,0.6014289728232792,0.7731958762886598,0.21619310975074768,0.736938504103039,0.711340206185567,0.45977333188056946,0.853213655097144,0.7731958762886598
0.5257269144058228,0.6147817309413638,0.7525773195876289,0.4448016583919525,1.0380230588572366,0.7010309278350515,0.41359007358551025,0.44955885383699623,0.8041237113402062
0.3871966600418091,0.9462303732122693,0.7525773195876289,0.19178125262260437,0.6886351023401532,0.7731958762886598,0.8137022852897644,0.5780440441199711,0.7938144329896907
0.4485793709754944,0.6033740980284554,0.7938144329896907,0.17207381129264832,1.0719048466001238,0.7525773195876289,0.48650062084198,0.5002636765795094,0.7938144329896907
0.29115015268325806,0.5380265712738037,0.7938144329896907,0.6400458216667175,0.8606496197836739,0.6804123711340206,0.4342201352119446,0.5164127136647169,0.7835051546391752
0.9498133659362793,0.5321401176708085,0.7628865979381443,0.3205227553844452,0.7425013993467603,0.7731958762886598,0.2703199088573456,0.5351703848157611,0.7938144329896907
0.32255786657333374,0.6548834272793361,0.7525773195876289,0.44678667187690735,0.7220647084925856,0.7525773195876289,0.36754852533340454,0.5030893981456757,0.8041237113402062
0.4746414124965668,0.7949511281081608,0.7938144329896907,0.6715458035469055,1.3644381676401411,0.7319587628865979,0.47356241941452026,0.4505249687603542,0.7938144329896907
0.561398983001709,0.48189008022459995,0.7731958762886598,0.7512105107307434,0.7570478432961474,0.6907216494845361,0.8231711983680725,0.5343726405075618,0.7731958762886598
0.7930492162704468,0.5584133906023843,0.8041237113402062,0.5230242013931274,1.0565037003585271,0.7010309278350515,0.37952956557273865,0.554342297571046,0.7938144329896907
0.5594595074653625,0.7142768033913204,0.8041237113402062,0.8540418148040771,0.6783285896692958,0.7525773195876289,0.22581344842910767,0.5443343845462161,0.7835051546391752
0.3335239887237549,0.6489788038390023,0.8041237113402062,0.6053166389465332,0.8782461200441632,0.7319587628865979,0.3518551290035248,0.5005587594849723,0.8041237113402062
0.37329018115997314,0.5610804855823517,0.8144329896907216,0.28743016719818115,0.9704087674617767,0.7525773195876289,0.46897247433662415,0.48740612396172117,0.8041237113402062
0.23884156346321106,0.6324281096458435,0.7835051546391752,0.9608041644096375,0.7939757577010563,0.7010309278350515,0.5724489092826843,0.5846596934965679,0.7731958762886598
0.1619187742471695,0.5157725896154132,0.8247422680412371,0.6770535707473755,0.7377142437866756,0.7319587628865979,0.23674306273460388,0.501054795725005,0.8041237113402062
0.4105052649974823,0.5256795734167099,0.7835051546391752,0.19145014882087708,0.8833107692854745,0.7216494845360825,0.588700532913208,0.6829264419419425,0.7835051546391752
0.5999430418014526,0.615116936819894,0.7525773195876289,0.3254396915435791,0.8019406156880515,0.711340206185567,0.2956303060054779,0.46344170436662224,0.8041237113402062
0.6210662126541138,0.6132686606475285,0.8144329896907216,1.168066143989563,1.0054146306855338,0.7216494845360825,0.4725215435028076,0.46306986468178885,0.7938144329896907
0.3381763696670532,0.49586385062762667,0.7731958762886598,0.278385192155838,0.8826110703604562,0.7628865979381443,0.20090220868587494,0.4985096880367824,0.7731958762886598
0.5906722545623779,0.7279254368373326,0.7835051546391752,0.32050952315330505,0.7489188526357923,0.7835051546391752,0.8746100068092346,0.4787475432136229,0.8247422680412371
0.9702857732772827,0.5590603521892002,0.7835051546391752,0.43637245893478394,0.7626903397696358,0.7319587628865979,0.4964679479598999,0.5867729570184436,0.7628865979381443
0.3855290412902832,0.4860894169126238,0.8144329896907216,0.5570895075798035,0.7025097989410695,0.7422680412371134,0.44631922245025635,0.4781781770288944,0.8041237113402062
0.22760450839996338,0.4400251195766032,0.8247422680412371,0.39415642619132996,0.8027414168630328,0.7319587628865979,0.28646543622016907,0.684584208897182,0.8041237113402062
0.718357503414154,0.44876316849175574,0.8247422680412371,0.350503146648407,1.0184013034616197,0.6907216494845361,0.5921826958656311,0.4790085713778223,0.8247422680412371
0.31933122873306274,0.5292731409094164,0.7835051546391752,0.6749030947685242,0.9215546548366547,0.7216494845360825,1.026733636856079,0.514858754085643,0.7938144329896907
0.38869616389274597,0.511184072870362,0.8041237113402062,0.37599101662635803,0.9135491379669735,0.7422680412371134,0.19530601799488068,0.4628900209707873,0.8144329896907216
0.856462299823761,0.49132862128317356,0.8041237113402062,0.6663607954978943,0.686927684715816,0.7731958762886598,0.5337939858436584,0.4309595309730087,0.8144329896907216
0.5767585039138794,0.6131465945925031,0.7628865979381443,0.9217389225959778,0.886853541646685,0.7319587628865979,0.1472901552915573,0.4532148284264882,0.7835051546391752
0.24770361185073853,0.5600290639059884,0.7731958762886598,0.3154814839363098,0.7605017988742995,0.7319587628865979,0.552731454372406,0.6105646299464362,0.7938144329896907
0.5025495290756226,0.44104391196742654,0.8350515463917526,0.1759730726480484,0.8783716346536364,0.7422680412371134,0.9956991076469421,0.5252769685217312,0.7628865979381443
0.40760740637779236,0.7857729579721179,0.7938144329896907,0.4311024844646454,0.7366550607340676,0.7731958762886598,0.5272358655929565,0.46622396473373684,0.7938144329896907
0.26650935411453247,0.543565958738327,0.7938144329896907,0.5451604127883911,0.7805914538247245,0.7525773195876289,0.7989007830619812,0.4353090399610145,0.8041237113402062
0.42448538541793823,0.6169020320687976,0.7835051546391752,0.47331109642982483,1.481788986495563,0.7731958762886598,0.094022735953331,0.4546433091163635,0.8144329896907216
0.35403698682785034,0.5271119262490954,0.8144329896907216,0.5783571004867554,0.7102715862648827,0.7216494845360825,0.37013450264930725,0.5880303348281554,0.7938144329896907
0.3681038022041321,0.46067329646029975,0.7835051546391752,0.5894016623497009,0.6742974519729614,0.7525773195876289,0.45662686228752136,0.46919154801539015,0.8041237113402062
0.2634003460407257,0.5435089107070651,0.8041237113402062,0.6877156496047974,0.7271362511175019,0.7525773195876289,0.31594908237457275,0.5451666585036686,0.7731958762886598
0.4293650686740875,0.46366703492302414,0.7835051546391752,0.38296380639076233,0.7051198056765965,0.7525773195876289,0.6456807851791382,0.5133013044084821,0.7835051546391752
0.46542903780937195,0.5011924550469432,0.7835051546391752,0.6675931215286255,0.750522779566901,0.7835051546391752,0.48273852467536926,0.46042337428246227,0.8041237113402062
0.304718554019928,1.216233994279589,0.7938144329896907,0.33729058504104614,0.6888882922274726,0.7628865979381443,0.5632398724555969,0.7417423405817577,0.8247422680412371
0.6304755210876465,0.6606475412845612,0.8041237113402062,0.6508557796478271,0.7960274794272014,0.7422680412371134,0.35272571444511414,0.44542195328644346,0.8144329896907216
0.35961678624153137,0.4819128822003092,0.7938144329896907,0.635969877243042,0.6991509539740426,0.7938144329896907,0.06718650460243225,0.465440321713686,0.8041237113402062
0.3564886450767517,0.622903755732945,0.7731958762886598,0.8104894161224365,0.9454065135547093,0.7216494845360825,0.37036216259002686,0.5127092344420296,0.7628865979381443
0.27677786350250244,0.4589469305081236,0.8144329896907216,0.5625417828559875,0.818351651941027,0.7422680412371134,0.5841385126113892,0.44684925835878986,0.8247422680412371
0.6572024822235107,0.6318152376583644,0.7835051546391752,0.8104960322380066,0.6249082982540131,0.7628865979381443,0.3541322648525238,0.49691239318677355,0.8247422680412371
0.7037478685379028,0.4543488174676895,0.8247422680412371,0.18643027544021606,0.6728490549804909,0.7216494845360825,0.3520861268043518,0.507013201713562,0.8350515463917526
0.40341800451278687,0.5832726646746907,0.7938144329896907,0.10646188259124756,0.7103463368756431,0.7628865979381443,0.2815953195095062,0.4497759150607245,0.7835051546391752
0.4590992033481598,0.6794432529381343,0.8041237113402062,0.3341020941734314,0.7310150739337716,0.7422680412371134,0.3697735369205475,0.5044614800385067,0.7938144329896907
0.4743538498878479,0.7668442917721612,0.7938144329896907,0.18168550729751587,0.6846999824047089,0.7731958762886598,0.3185925781726837,0.5470351449080876,0.8144329896907216
0.2195681780576706,0.532535085953506,0.7525773195876289,0.7537235021591187,0.7634285198790687,0.7422680412371134,0.3234114646911621,0.5223235402788434,0.8247422680412371
0.4503135085105896,0.7305025202887399,0.7731958762886598,0.5051201581954956,0.7545981236866542,0.7010309278350515,0.39885079860687256,0.43383856693149675,0.8350515463917526
0.24245409667491913,0.4125261189682143,0.865979381443299,0.4129351079463959,0.683231540822557,0.7422680412371134,0.5219259262084961,0.42600167648288334,0.7938144329896907
0.18042632937431335,0.45002000459602903,0.7938144329896907,0.19855819642543793,1.093429786818368,0.7010309278350515,0.584708571434021,0.46748307687812485,0.7835051546391752
0.23104411363601685,0.6291376969644001,0.7938144329896907,0.3550387918949127,0.6974297889641353,0.7628865979381443,0.24936655163764954,0.4992967130882399,0.7835051546391752
0.27565211057662964,0.5255656847563971,0.8041237113402062,0.4753265976905823,0.6580948829650879,0.7835051546391752,0.94286048412323,0.47870788423876676,0.7835051546391752
0.49911054968833923,0.4421444130795261,0.845360824742268,0.3148704469203949,0.737724136028971,0.7319587628865979,0.37971895933151245,0.4589445745306356,0.7938144329896907
0.30465230345726013,0.5013871746403831,0.7938144329896907,0.8138701915740967,0.6791693270206451,0.7938144329896907,0.12194261699914932,0.4973361885973385,0.8041237113402062
0.922599196434021,0.5120660002742495,0.7938144329896907,0.402820348739624,0.6609006130269596,0.7731958762886598,1.0303633213043213,0.4425351023674011,0.8041237113402062
0.27113258838653564,0.5402685978582927,0.7835051546391752,0.3652183413505554,0.7133775391516143,0.7525773195876289,0.19589297473430634,0.44677613249846865,0.8350515463917526
0.5237908959388733,0.5765661767550877,0.7938144329896907,0.9413095712661743,0.9380715404238019,0.7628865979381443,0.44381406903266907,0.47306051131870064,0.8041237113402062
0.6311965584754944,0.49801838397979736,0.7731958762886598,0.1943032294511795,0.8040737339428493,0.7422680412371134,0.29288938641548157,0.43728000138487133,0.7938144329896907
0.34635287523269653,0.6766079664230347,0.7731958762886598,0.6086568236351013,0.8557687391127858,0.7525773195876289,0.5866667628288269,0.4981893646929945,0.7938144329896907
0.7466129660606384,0.43676934550915447,0.8350515463917526,0.6122024059295654,0.6660968746457782,0.7731958762886598,0.5434287786483765,0.9554424073014941,0.7731958762886598
0.27925822138786316,0.4352417492440769,0.8041237113402062,0.7724786996841431,0.6866887936235538,0.7422680412371134,0.1799340695142746,0.6809034092085702,0.8041237113402062
0.7106399536132812,0.5052785362516131,0.8144329896907216,0.30421775579452515,0.7363807260990143,0.7731958762886598,0.28380462527275085,0.4590604758954474,0.7938144329896907
0.2942816913127899,0.48232301643916536,0.7938144329896907,0.503852903842926,0.6721471324563026,0.7422680412371134,0.29435089230537415,0.6011915398495538,0.8144329896907216
0.38445326685905457,0.5061537282807487,0.7835051546391752,0.6901564598083496,0.7168929278850555,0.711340206185567,0.23057599365711212,0.446279770561627,0.7938144329896907
1.097705364227295,0.4400935832943235,0.8350515463917526,0.5732518434524536,0.6123198669935975,0.7319587628865979,0.762115478515625,0.4447756961879869,0.7938144329896907
0.12901467084884644,0.4851610720423715,0.7835051546391752,0.3758266866207123,0.7679450469357627,0.7216494845360825,0.5684325695037842,0.42282593888895853,0.8350515463917526
0.2592943012714386,0.6474621551377433,0.7731958762886598,0.3386895954608917,0.7505042707281453,0.7835051546391752,0.2869660258293152,0.7030339241027832,0.7835051546391752
0.3990652859210968,0.42495983384495567,0.845360824742268,0.5017895698547363,0.7047924229076931,0.7525773195876289,0.24886846542358398,0.40638456171265197,0.8350515463917526
0.41224196553230286,0.4483181685209234,0.8350515463917526,0.8536619544029236,0.9168576002120972,0.7525773195876289,0.21301564574241638,0.48886209407023024,0.8144329896907216
0.24580635130405426,0.46601069745208534,0.8041237113402062,0.39184558391571045,0.6570485982977387,0.7938144329896907,0.29455873370170593,0.4943125035081591,0.7938144329896907
0.16626593470573425,0.5139503959300262,0.7731958762886598,0.33695968985557556,0.7567060547215598,0.7216494845360825,0.43145909905433655,0.5089419143540519,0.8041237113402062
0.6037085652351379,0.507005332836083,0.7628865979381443,0.7730681300163269,0.6862599466528211,0.7525773195876289,0.29596322774887085,0.8451701594250542,0.8144329896907216
0.5179124474525452,0.46487305419785635,0.7938144329896907,0.35825103521347046,0.7212909204619271,0.7319587628865979,0.14666825532913208,0.6321622175829751,0.7835051546391752
0.4826131761074066,0.41224489893232075,0.8247422680412371,0.5333285331726074,0.6634442750364542,0.7422680412371134,0.20512789487838745,0.6302333580596107,0.7938144329896907
0.38493695855140686,0.4922769239970606,0.7835051546391752,0.3580409288406372,0.792433921779905,0.7216494845360825,0.19801537692546844,0.4935568166630609,0.8247422680412371
0.1218271255493164,0.6211515367031097,0.7835051546391752,0.31854721903800964,1.9509402811527252,0.7525773195876289,0.31289637088775635,0.43629204588277,0.7938144329896907
0.1995629519224167,0.46554672585002016,0.8247422680412371,0.11299135535955429,0.8320392625672477,0.7731958762886598,0.289445698261261,0.6379554399422237,0.8041237113402062
0.37985262274742126,0.4494818853480475,0.8247422680412371,0.6571823954582214,1.8282862646239144,0.7319587628865979,0.4193243086338043,0.5498736756188529,0.7731958762886598
0.15983068943023682,0.7674886456557682,0.7938144329896907,0.1465197503566742,0.7059355633599418,0.7319587628865979,0.2599153518676758,0.3986814942743097,0.8350515463917526
0.8826154470443726,0.45094868780246805,0.7731958762886598,0.5583906769752502,0.7389738474573407,0.7628865979381443,0.30044424533843994,0.8299521803855896,0.8041237113402062
0.7996402978897095,0.5248949740614209,0.7938144329896907,0.16735488176345825,0.6892436338322503,0.7628865979381443,0.1963735818862915,0.5157202524798257,0.8041237113402062
0.23568479716777802,0.4214972289545195,0.8144329896907216,0.5959941148757935,0.6927592754354919,0.7525773195876289,0.4100092947483063,0.8800978916031974,0.7835051546391752
0.39297086000442505,0.40193358436226845,0.865979381443299,0.5244301557540894,0.6702420519930976,0.7525773195876289,0.33023855090141296,0.38677617481776644,0.8350515463917526
0.11265381425619125,0.6545437978846687,0.8247422680412371,0.22449547052383423,0.6930170825549534,0.7525773195876289,0.3593004643917084,0.5736490009086472,0.7628865979381443
0.5143694877624512,0.6236306152173451,0.8144329896907216,0.5626125931739807,0.651225572185857,0.7525773195876289,0.36630159616470337,0.5379531340939658,0.8144329896907216
0.41263526678085327,1.0911648528916496,0.7938144329896907,0.3483864367008209,1.4592449537345342,0.7319587628865979,0.2954639196395874,0.4657688470823424,0.8041237113402062
0.6849805116653442,0.46561462112827356,0.8041237113402062,0.26087072491645813,0.6215355003784809,0.7319587628865979,0.30511602759361267,0.57377476138728,0.8041237113402062
0.31219661235809326,0.4172087407537869,0.8041237113402062,0.5540618896484375,0.7985605469771794,0.7731958762886598,0.32449713349342346,0.43362629613797515,0.7938144329896907
0.23545321822166443,0.4056482496006148,0.865979381443299,0.21257631480693817,0.7570528558322361,0.7525773195876289,0.4815017580986023,0.5296159035725785,0.7835051546391752
0.3901124894618988,0.47307930354561123,0.8144329896907216,0.5157166123390198,0.7523706959826606,0.7525773195876289,0.36009201407432556,0.48885570572955267,0.8350515463917526
0.38276031613349915,0.4224487074740994,0.8350515463917526,0.5978748798370361,0.836493466581617,0.7731958762886598,0.24297653138637543,0.5389002967692379,0.8041237113402062
0.3021180033683777,0.38830224477819036,0.845360824742268,0.37060582637786865,0.7699976983879294,0.7525773195876289,0.4238511323928833,0.6136496237346104,0.8144329896907216
0.6580549478530884,0.7855006690536227,0.845360824742268,0.17685182392597198,0.6896594784089497,0.7525773195876289,0.1374323070049286,0.4244878963706599,0.8041237113402062
0.12066809087991714,0.449608645268848,0.8556701030927835,0.4173559546470642,0.6884846772466388,0.7525773195876289,0.11270741373300552,0.41054398672921316,0.7835051546391752
0.4858420193195343,0.4419607307229723,0.8247422680412371,0.5466476082801819,1.0662706792354584,0.7216494845360825,0.41885703802108765,0.41613598163946464,0.8144329896907216
0.5636961460113525,0.416856514023883,0.8144329896907216,0.3385486304759979,0.6892193875142506,0.7628865979381443,0.14497564733028412,0.5012476720980236,0.7938144329896907
0.6959235072135925,0.3868030823235001,0.8247422680412371,0.5438451766967773,0.75808142551354,0.7525773195876289,0.2458573877811432,0.42294605801414165,0.8247422680412371
0.2184562087059021,0.41083661786147524,0.845360824742268,0.3626350462436676,0.6729093386592078,0.7422680412371134,0.5899658799171448,0.46244480301226887,0.7938144329896907
0.34642693400382996,0.4685274421104363,0.7731958762886598,0.2886160612106323,0.8437348178454808,0.7835051546391752,0.4504931569099426,0.4297501090914011,0.845360824742268
0.23790694773197174,0.38501358351537157,0.845360824742268,0.4316408336162567,0.6670315174103182,0.7525773195876289,0.402565598487854,0.3844825813679823,0.8247422680412371
0.13185390830039978,0.4148582172180925,0.8144329896907216,0.24809442460536957,0.6918971112796238,0.7422680412371134,0.10007932037115097,0.739360932792936,0.8247422680412371
0.13191653788089752,0.5340602706585612,0.7835051546391752,0.25022798776626587,0.7671305324350085,0.7525773195876289,0.3367706835269928,0.4492672172325131,0.8041237113402062
0.4442702531814575,0.42371639316635473,0.8144329896907216,0.39556440711021423,0.6981958321162632,0.7628865979381443,0.6232897043228149,0.5460123589730627,0.7835051546391752
0.27504274249076843,0.47066379870687214,0.845360824742268,0.34630322456359863,0.9954177481787545,0.7422680412371134,0.6452275514602661,0.42886211824121084,0.8350515463917526
0.4951806664466858,0.4222937524270622,0.7938144329896907,0.40121525526046753,0.981280905859811,0.7628865979381443,0.48559966683387756,0.46893382661177646,0.8144329896907216
0.20567528903484344,0.47615385052033943,0.8041237113402062,0.31389302015304565,1.1939174362591334,0.7319587628865979,0.17590436339378357,0.4087667763214995,0.8144329896907216
0.2304013967514038,0.7098226462091718,0.8247422680412371,0.3186747431755066,0.6864229738712311,0.7422680412371134,0.05326605215668678,0.4303943248731749,0.8350515463917526
0.35010623931884766,0.5432483731170318,0.7628865979381443,0.5450478792190552,0.6516101232596806,0.7319587628865979,0.3608520030975342,0.44910959250825855,0.7835051546391752
0.3095320761203766,0.4211977394297719,0.845360824742268,0.5116361379623413,0.706677510802235,0.7216494845360825,0.22560198605060577,0.501272631010839,0.7938144329896907
0.21630847454071045,0.4802474869149072,0.8556701030927835,0.30534112453460693,0.6553553840411561,0.7319587628865979,0.2182895392179489,0.8845763972827366,0.8041237113402062
0.38736647367477417,0.38902609555849005,0.8556701030927835,0.17267486453056335,0.6943989773946149,0.7319587628865979,0.6751680374145508,0.38300286047160625,0.8041237113402062
0.14563214778900146,0.41844038107332643,0.8144329896907216,0.29568442702293396,0.8186603997434888,0.7422680412371134,0.34005674719810486,0.4292235182864325,0.8350515463917526
0.48443543910980225,0.6607144368546349,0.845360824742268,0.6831191778182983,0.6261775295383164,0.7628865979381443,0.40984585881233215,0.4132907007421766,0.8247422680412371
0.812437891960144,0.4292254149913788,0.8144329896907216,0.5659074783325195,0.614725010735648,0.7422680412371134,0.2699386477470398,0.510779355253492,0.8041237113402062
0.6661177277565002,0.4897531952176775,0.845360824742268,0.4183867871761322,0.8283065898077828,0.7525773195876289,0.5402451753616333,0.39457103037940605,0.8144329896907216
0.24089790880680084,0.4200560785830021,0.8144329896907216,0.6576646566390991,0.7177718090159553,0.7422680412371134,0.17291778326034546,0.387036180522825,0.8144329896907216
0.4109196066856384,0.4085975323936769,0.8350515463917526,0.14844048023223877,1.1423402726650238,0.7422680412371134,0.21470481157302856,0.41567138050283703,0.8350515463917526
0.37403297424316406,0.35643344691821505,0.8556701030927835,0.5078047513961792,0.7235819771885872,0.7216494845360825,0.5865163803100586,0.4809585511684418,0.7938144329896907
0.6084622144699097,0.45367485710552763,0.8247422680412371,0.1866072565317154,0.9516142521585736,0.7731958762886598,0.11951206624507904,0.40842081340295927,0.8247422680412371
0.07077115029096603,0.8291006428854806,0.8041237113402062,0.5778217911720276,0.6601285082953317,0.7628865979381443,0.27001652121543884,0.521405342833272,0.7731958762886598
0.2898426055908203,0.396145971758025,0.8556701030927835,0.14975062012672424,0.8601818467889514,0.7422680412371134,0.19899126887321472,0.6448930863823209,0.8144329896907216
0.21652281284332275,0.41534821941916433,0.845360824742268,0.5096687078475952,0.7290328459681145,0.7628865979381443,0.7175318002700806,0.4427007734775543,0.8247422680412371
0.614231288433075,0.5998507014342717,0.7938144329896907,0.3650202751159668,0.7382940202951431,0.7525773195876289,0.7148513793945312,0.4328870144007461,0.8041237113402062
0.46965810656547546,0.5361162168639046,0.8247422680412371,0.6492133140563965,0.8762863108089992,0.7628865979381443,0.42255422472953796,0.4825507955891745,0.8247422680412371
0.9609621167182922,0.4155941548358117,0.7938144329896907,0.2094029039144516,0.8709034238542829,0.7525773195876289,0.5522547960281372,0.4502244867118342,0.7938144329896907
0.28172171115875244,0.4104490374598494,0.8350515463917526,0.16683664917945862,0.7554574395929065,0.7319587628865979,0.24809201061725616,0.46835642627307345,0.7938144329896907
0.28300032019615173,0.44290011695453096,0.8350515463917526,0.3424009382724762,0.6850085998220103,0.7628865979381443,0.5488577485084534,0.4388592743447849,0.7938144329896907
0.30112168192863464,0.5572471235479627,0.8350515463917526,0.24809236824512482,0.7010985415961061,0.7422680412371134,0.22528308629989624,0.44844051024743486,0.8144329896907216
0.4096502661705017,0.5173019766807556,0.8144329896907216,0.43320244550704956,0.6852177956274578,0.7319587628865979,0.10340066999197006,0.43280631649707046,0.845360824742268
0.21360062062740326,0.47458359353601864,0.8144329896907216,0.3766379952430725,2.174681876386915,0.7628865979381443,0.0485997311770916,1.0350118981940406,0.8144329896907216
0.3003990352153778,0.40480651307318893,0.845360824742268,0.44545456767082214,0.9542598447629383,0.7731958762886598,0.2617400586605072,0.4025324233142393,0.8350515463917526
0.5448572039604187,0.47861550003290176,0.7938144329896907,0.6527757048606873,0.7197924434606519,0.7628865979381443,0.08604737371206284,0.47701314304556164,0.8247422680412371
0.10653643310070038,0.7024028365101133,0.8350515463917526,0.4386603832244873,1.1071356960705347,0.7525773195876289,0.16063141822814941,0.434587985410222,0.8350515463917526
0.09965939074754715,0.5025164697851453,0.8144329896907216,0.2244822084903717,1.0975649569715773,0.7319587628865979,0.3634515702724457,0.49230366945266724,0.8247422680412371
0.2956850528717041,0.41537696548870634,0.8144329896907216,0.6899993419647217,0.6761286178869861,0.7319587628865979,0.5081936120986938,0.48622211813926697,0.8041237113402062
0.2200089991092682,0.7907715226922717,0.8144329896907216,0.9180750846862793,1.0859193801879883,0.7216494845360825,0.3926597833633423,0.5008189997502736,0.8041237113402062
0.3570106625556946,0.38284401036798954,0.845360824742268,0.47962841391563416,0.8059299141168594,0.7422680412371134,0.20825687050819397,0.486742588026183,0.7938144329896907
0.469487726688385,0.4140541686876012,0.8556701030927835,0.5934286117553711,0.7576695552894047,0.7628865979381443,0.17266136407852173,0.4508444039467057,0.8041237113402062
0.21509987115859985,0.7341489557709012,0.8350515463917526,0.7136110067367554,0.7587948947080544,0.7628865979381443,0.291792631149292,0.4376902324812753,0.8247422680412371
0.20145335793495178,0.5348803102970123,0.8350515463917526,0.3944430351257324,0.694990507193974,0.7319587628865979,0.207147017121315,0.4196355864405632,0.8247422680412371
0.20161095261573792,0.46204868597643717,0.8556701030927835,0.5622868537902832,0.6809885887695211,0.7525773195876289,0.45379963517189026,1.081732988357544,0.8350515463917526
0.08350541442632675,0.4642641097307205,0.8144329896907216,0.43593505024909973,0.7878510653972626,0.7628865979381443,0.5475970506668091,0.5146840661764145,0.7835051546391752
0.5044649243354797,0.43736570647758655,0.8350515463917526,0.3481569290161133,0.8401128479412624,0.7216494845360825,0.25848791003227234,0.6578843636172158,0.8041237113402062
0.46513864398002625,0.4019313555743013,0.8144329896907216,0.460968941450119,0.7272739955889327,0.7422680412371134,0.15349292755126953,0.4384399652481079,0.8041237113402062
0.3658275008201599,0.7400788111346108,0.8350515463917526,0.18307122588157654,1.0790578999689646,0.7938144329896907,0.34927603602409363,0.4261936491529923,0.8041237113402062
0.20708036422729492,0.40377137111499906,0.8041237113402062,0.4738869369029999,0.8181560294966143,0.7628865979381443,0.12153825908899307,0.4311088719405234,0.8350515463917526
0.18272818624973297,0.4703144510941846,0.8247422680412371,0.19763672351837158,0.730293584721429,0.7628865979381443,0.21970270574092865,0.4536580783034359,0.8041237113402062
0.5404525995254517,0.42141169948237284,0.8556701030927835,0.5782126188278198,0.7307054239125657,0.7525773195876289,0.2645198702812195,0.45434961148670744,0.8041237113402062
0.37962013483047485,0.4598998246448381,0.7938144329896907,0.22495482861995697,0.7071543254756502,0.7525773195876289,0.4050373435020447,0.4938768313399383,0.8041237113402062
0.14044131338596344,0.5314261104379382,0.8556701030927835,0.2704926133155823,0.6502333538872855,0.7835051546391752,0.27413836121559143,0.43375697412661146,0.845360824742268
0.3718464970588684,0.3959448082106454,0.8556701030927835,0.3938802480697632,0.6745228043624333,0.7319587628865979,0.203241765499115,0.44082473324877874,0.8247422680412371
0.264943391084671,0.36786217455353054,0.865979381443299,0.17704790830612183,0.8813078658921378,0.7319587628865979,0.00964735820889473,0.5042907733836078,0.7835051546391752
0.6674058437347412,0.40548635008079664,0.8350515463917526,0.10482843965291977,0.7090165455426488,0.711340206185567,0.27649903297424316,0.47301217913627625,0.845360824742268
0.13670344650745392,0.5693616654191699,0.8041237113402062,0.1766686588525772,1.339209680046354,0.711340206185567,0.25786811113357544,0.5565054225070136,0.7835051546391752
0.30895906686782837,0.41034802155835287,0.8350515463917526,0.18276838958263397,0.6649948784283229,0.7422680412371134,0.45557865500450134,0.9341991543769836,0.8041237113402062
0.07630251348018646,0.4506641562495913,0.8144329896907216,0.294888973236084,0.831349355833871,0.7216494845360825,0.37414079904556274,0.525500510420118,0.8247422680412371
0.14872640371322632,0.49527244695595335,0.8247422680412371,0.407627671957016,0.8762585818767548,0.7422680412371134,0.3380556106567383,0.46233349020725917,0.8247422680412371
